"pathwayRampId","inPathway","total"
"RAMP_P_000000001",22,12960
"RAMP_P_000000002",11,12960
"RAMP_P_000000003",5,12960
"RAMP_P_000000004",8,12960
"RAMP_P_000000005",14,12960
"RAMP_P_000000006",14,12960
"RAMP_P_000000007",25,12960
"RAMP_P_000000008",4,12960
"RAMP_P_000000009",14,12960
"RAMP_P_000000010",13,12960
"RAMP_P_000000011",18,12960
"RAMP_P_000000012",11,12960
"RAMP_P_000000013",15,12960
"RAMP_P_000000014",33,12960
"RAMP_P_000000015",33,12960
"RAMP_P_000000016",28,12960
"RAMP_P_000000017",14,12960
"RAMP_P_000000018",28,12960
"RAMP_P_000000019",13,12960
"RAMP_P_000000020",1,12960
"RAMP_P_000000021",5,12960
"RAMP_P_000000022",33,12960
"RAMP_P_000000023",28,12960
"RAMP_P_000000024",56,12960
"RAMP_P_000000025",11,12960
"RAMP_P_000000026",4,12960
"RAMP_P_000000027",13,12960
"RAMP_P_000000028",14,12960
"RAMP_P_000000029",20,12960
"RAMP_P_000000030",23,12960
"RAMP_P_000000031",5,12960
"RAMP_P_000000032",7,12960
"RAMP_P_000000033",4,12960
"RAMP_P_000000034",11,12960
"RAMP_P_000000035",18,12960
"RAMP_P_000000036",27,12960
"RAMP_P_000000037",0,12960
"RAMP_P_000000038",20,12960
"RAMP_P_000000039",14,12960
"RAMP_P_000000040",22,12960
"RAMP_P_000000041",7,12960
"RAMP_P_000000042",15,12960
"RAMP_P_000000043",11,12960
"RAMP_P_000000044",9,12960
"RAMP_P_000000045",23,12960
"RAMP_P_000000046",0,12960
"RAMP_P_000000047",27,12960
"RAMP_P_000000048",5,12960
"RAMP_P_000000049",27,12960
"RAMP_P_000000050",21,12960
"RAMP_P_000000051",22,12960
"RAMP_P_000000052",13,12960
"RAMP_P_000000053",24,12960
"RAMP_P_000000054",27,12960
"RAMP_P_000000055",33,12960
"RAMP_P_000000056",56,12960
"RAMP_P_000000057",11,12960
"RAMP_P_000000058",45,12960
"RAMP_P_000000059",20,12960
"RAMP_P_000000060",17,12960
"RAMP_P_000000061",8,12960
"RAMP_P_000000062",9,12960
"RAMP_P_000000063",24,12960
"RAMP_P_000000064",4,12960
"RAMP_P_000000065",15,12960
"RAMP_P_000000066",17,12960
"RAMP_P_000000067",8,12960
"RAMP_P_000000068",1,12960
"RAMP_P_000000069",1,12960
"RAMP_P_000000070",27,12960
"RAMP_P_000000071",14,12960
"RAMP_P_000000072",8,12960
"RAMP_P_000000073",7,12960
"RAMP_P_000000074",8,12960
"RAMP_P_000000075",1,12960
"RAMP_P_000000076",27,12960
"RAMP_P_000000077",3,12960
"RAMP_P_000000078",56,12960
"RAMP_P_000000079",12,12960
"RAMP_P_000000080",56,12960
"RAMP_P_000000081",2,12960
"RAMP_P_000000082",22,12960
"RAMP_P_000000083",4,12960
"RAMP_P_000000084",21,12960
"RAMP_P_000000085",2,12960
"RAMP_P_000000086",0,12960
"RAMP_P_000000087",7,12960
"RAMP_P_000000088",27,12960
"RAMP_P_000000089",19,12960
"RAMP_P_000000090",0,12960
"RAMP_P_000000091",3,12960
"RAMP_P_000000092",12,12960
"RAMP_P_000000093",14,12960
"RAMP_P_000000094",12,12960
"RAMP_P_000000095",21,12960
"RAMP_P_000000096",23,12960
"RAMP_P_000000097",36,12960
"RAMP_P_000000098",4,12960
"RAMP_P_000000099",29,12960
"RAMP_P_000000100",4,12960
"RAMP_P_000000101",56,12960
"RAMP_P_000000102",8,12960
"RAMP_P_000000103",28,12960
"RAMP_P_000000104",23,12960
"RAMP_P_000000105",22,12960
"RAMP_P_000000106",0,12960
"RAMP_P_000000107",56,12960
"RAMP_P_000000108",34,12960
"RAMP_P_000000109",3,12960
"RAMP_P_000000110",22,12960
"RAMP_P_000000111",14,12960
"RAMP_P_000000112",36,12960
"RAMP_P_000000113",21,12960
"RAMP_P_000000114",9,12960
"RAMP_P_000000115",33,12960
"RAMP_P_000000116",27,12960
"RAMP_P_000000117",9,12960
"RAMP_P_000000118",13,12960
"RAMP_P_000000119",16,12960
"RAMP_P_000000120",9,12960
"RAMP_P_000000121",11,12960
"RAMP_P_000000122",20,12960
"RAMP_P_000000123",4,12960
"RAMP_P_000000124",0,12960
"RAMP_P_000000125",9,12960
"RAMP_P_000000126",27,12960
"RAMP_P_000000127",28,12960
"RAMP_P_000000128",33,12960
"RAMP_P_000000129",8,12960
"RAMP_P_000000130",20,12960
"RAMP_P_000000131",11,12960
"RAMP_P_000000132",39,12960
"RAMP_P_000000133",21,12960
"RAMP_P_000000134",9,12960
"RAMP_P_000000135",56,12960
"RAMP_P_000000136",13,12960
"RAMP_P_000000137",1,12960
"RAMP_P_000000138",13,12960
"RAMP_P_000000139",28,12960
"RAMP_P_000000140",10,12960
"RAMP_P_000000141",33,12960
"RAMP_P_000000142",17,12960
"RAMP_P_000000143",36,12960
"RAMP_P_000000144",25,12960
"RAMP_P_000000145",28,12960
"RAMP_P_000000146",27,12960
"RAMP_P_000000147",33,12960
"RAMP_P_000000148",28,12960
"RAMP_P_000000149",28,12960
"RAMP_P_000000150",15,12960
"RAMP_P_000000151",5,12960
"RAMP_P_000000152",8,12960
"RAMP_P_000000153",17,12960
"RAMP_P_000000154",22,12960
"RAMP_P_000000155",56,12960
"RAMP_P_000000156",9,12960
"RAMP_P_000000157",28,12960
"RAMP_P_000000158",14,12960
"RAMP_P_000000159",21,12960
"RAMP_P_000000160",30,12960
"RAMP_P_000000161",27,12960
"RAMP_P_000000162",6,12960
"RAMP_P_000000163",21,12960
"RAMP_P_000000164",20,12960
"RAMP_P_000000165",30,12960
"RAMP_P_000000166",13,12960
"RAMP_P_000000167",5,12960
"RAMP_P_000000168",28,12960
"RAMP_P_000000169",4,12960
"RAMP_P_000000170",0,12960
"RAMP_P_000000171",15,12960
"RAMP_P_000000172",27,12960
"RAMP_P_000000173",9,12960
"RAMP_P_000000174",4,12960
"RAMP_P_000000175",5,12960
"RAMP_P_000000176",10,12960
"RAMP_P_000000177",17,12960
"RAMP_P_000000178",56,12960
"RAMP_P_000000179",23,12960
"RAMP_P_000000180",30,12960
"RAMP_P_000000181",27,12960
"RAMP_P_000000182",33,12960
"RAMP_P_000000183",0,12960
"RAMP_P_000000184",22,12960
"RAMP_P_000000185",56,12960
"RAMP_P_000000186",9,12960
"RAMP_P_000000187",28,12960
"RAMP_P_000000188",4,12960
"RAMP_P_000000189",17,12960
"RAMP_P_000000190",5,12960
"RAMP_P_000000191",0,12960
"RAMP_P_000000192",15,12960
"RAMP_P_000000193",14,12960
"RAMP_P_000000194",1,12960
"RAMP_P_000000195",28,12960
"RAMP_P_000000196",7,12960
"RAMP_P_000000197",17,12960
"RAMP_P_000000198",10,12960
"RAMP_P_000000199",30,12960
"RAMP_P_000000200",1,12960
"RAMP_P_000000201",9,12960
"RAMP_P_000000202",27,12960
"RAMP_P_000000203",17,12960
"RAMP_P_000000204",33,12960
"RAMP_P_000000205",56,12960
"RAMP_P_000000206",11,12960
"RAMP_P_000000207",1,12960
"RAMP_P_000000208",0,12960
"RAMP_P_000000209",9,12960
"RAMP_P_000000210",36,12960
"RAMP_P_000000211",6,12960
"RAMP_P_000000212",18,12960
"RAMP_P_000000213",33,12960
"RAMP_P_000000214",0,12960
"RAMP_P_000000215",4,12960
"RAMP_P_000000216",30,12960
"RAMP_P_000000217",7,12960
"RAMP_P_000000218",26,12960
"RAMP_P_000000219",23,12960
"RAMP_P_000000220",3,12960
"RAMP_P_000000221",28,12960
"RAMP_P_000000222",0,12960
"RAMP_P_000000223",27,12960
"RAMP_P_000000224",10,12960
"RAMP_P_000000225",5,12960
"RAMP_P_000000226",14,12960
"RAMP_P_000000227",8,12960
"RAMP_P_000000228",7,12960
"RAMP_P_000000229",11,12960
"RAMP_P_000000230",15,12960
"RAMP_P_000000231",13,12960
"RAMP_P_000000232",22,12960
"RAMP_P_000000233",18,12960
"RAMP_P_000000234",17,12960
"RAMP_P_000000235",30,12960
"RAMP_P_000000236",6,12960
"RAMP_P_000000237",14,12960
"RAMP_P_000000238",14,12960
"RAMP_P_000000239",27,12960
"RAMP_P_000000240",56,12960
"RAMP_P_000000241",13,12960
"RAMP_P_000000242",3,12960
"RAMP_P_000000243",19,12960
"RAMP_P_000000244",6,12960
"RAMP_P_000000245",1,12960
"RAMP_P_000000246",9,12960
"RAMP_P_000000247",13,12960
"RAMP_P_000000248",1,12960
"RAMP_P_000000249",0,12960
"RAMP_P_000000250",14,12960
"RAMP_P_000000251",10,12960
"RAMP_P_000000252",56,12960
"RAMP_P_000000253",28,12960
"RAMP_P_000000254",4,12960
"RAMP_P_000000255",22,12960
"RAMP_P_000000256",45,12960
"RAMP_P_000000257",3,12960
"RAMP_P_000000258",23,12960
"RAMP_P_000000259",17,12960
"RAMP_P_000000260",19,12960
"RAMP_P_000000261",28,12960
"RAMP_P_000000262",4,12960
"RAMP_P_000000263",1,12960
"RAMP_P_000000264",17,12960
"RAMP_P_000000265",4,12960
"RAMP_P_000000266",56,12960
"RAMP_P_000000267",6,12960
"RAMP_P_000000268",30,12960
"RAMP_P_000000269",25,12960
"RAMP_P_000000270",14,12960
"RAMP_P_000000271",19,12960
"RAMP_P_000000272",57,12960
"RAMP_P_000000273",9,12960
"RAMP_P_000000274",1,12960
"RAMP_P_000000275",56,12960
"RAMP_P_000000276",22,12960
"RAMP_P_000000277",27,12960
"RAMP_P_000000278",26,12960
"RAMP_P_000000279",28,12960
"RAMP_P_000000280",33,12960
"RAMP_P_000000281",5,12960
"RAMP_P_000000282",20,12960
"RAMP_P_000000283",56,12960
"RAMP_P_000000284",22,12960
"RAMP_P_000000285",27,12960
"RAMP_P_000000286",4,12960
"RAMP_P_000000287",14,12960
"RAMP_P_000000288",4,12960
"RAMP_P_000000289",4,12960
"RAMP_P_000000290",19,12960
"RAMP_P_000000291",4,12960
"RAMP_P_000000292",9,12960
"RAMP_P_000000293",4,12960
"RAMP_P_000000294",8,12960
"RAMP_P_000000295",4,12960
"RAMP_P_000000296",14,12960
"RAMP_P_000000297",15,12960
"RAMP_P_000000298",27,12960
"RAMP_P_000000299",28,12960
"RAMP_P_000000300",28,12960
"RAMP_P_000000301",27,12960
"RAMP_P_000000302",30,12960
"RAMP_P_000000303",15,12960
"RAMP_P_000000304",0,12960
"RAMP_P_000000305",2,12960
"RAMP_P_000000306",28,12960
"RAMP_P_000000307",4,12960
"RAMP_P_000000308",4,12960
"RAMP_P_000000309",28,12960
"RAMP_P_000000310",23,12960
"RAMP_P_000000311",44,12960
"RAMP_P_000000312",20,12960
"RAMP_P_000000313",27,12960
"RAMP_P_000000314",27,12960
"RAMP_P_000000315",10,12960
"RAMP_P_000000316",11,12960
"RAMP_P_000000317",57,12960
"RAMP_P_000000318",4,12960
"RAMP_P_000000319",14,12960
"RAMP_P_000000320",1,12960
"RAMP_P_000000321",14,12960
"RAMP_P_000000322",28,12960
"RAMP_P_000000323",0,12960
"RAMP_P_000000324",36,12960
"RAMP_P_000000325",56,12960
"RAMP_P_000000326",0,12960
"RAMP_P_000000327",8,12960
"RAMP_P_000000328",27,12960
"RAMP_P_000000329",2,12960
"RAMP_P_000000330",27,12960
"RAMP_P_000000331",30,12960
"RAMP_P_000000332",56,12960
"RAMP_P_000000333",0,12960
"RAMP_P_000000334",14,12960
"RAMP_P_000000335",5,12960
"RAMP_P_000000336",30,12960
"RAMP_P_000000337",28,12960
"RAMP_P_000000338",0,12960
"RAMP_P_000000339",28,12960
"RAMP_P_000000340",5,12960
"RAMP_P_000000341",28,12960
"RAMP_P_000000342",19,12960
"RAMP_P_000000343",2,12960
"RAMP_P_000000344",0,12960
"RAMP_P_000000345",9,12960
"RAMP_P_000000346",0,12960
"RAMP_P_000000347",0,12960
"RAMP_P_000000348",69,12960
"RAMP_P_000000349",20,12960
"RAMP_P_000000350",31,12960
"RAMP_P_000000351",56,12960
"RAMP_P_000000352",0,12960
"RAMP_P_000000353",7,12960
"RAMP_P_000000354",33,12960
"RAMP_P_000000355",30,12960
"RAMP_P_000000356",15,12960
"RAMP_P_000000357",28,12960
"RAMP_P_000000358",36,12960
"RAMP_P_000000359",28,12960
"RAMP_P_000000360",28,12960
"RAMP_P_000000361",33,12960
"RAMP_P_000000362",11,12960
"RAMP_P_000000363",32,12960
"RAMP_P_000000364",56,12960
"RAMP_P_000000365",33,12960
"RAMP_P_000000366",8,12960
"RAMP_P_000000367",9,12960
"RAMP_P_000000368",10,12960
"RAMP_P_000000369",4,12960
"RAMP_P_000000370",14,12960
"RAMP_P_000000371",1,12960
"RAMP_P_000000372",27,12960
"RAMP_P_000000373",56,12960
"RAMP_P_000000374",0,12960
"RAMP_P_000000375",20,12960
"RAMP_P_000000376",22,12960
"RAMP_P_000000377",22,12960
"RAMP_P_000000378",15,12960
"RAMP_P_000000379",33,12960
"RAMP_P_000000380",56,12960
"RAMP_P_000000381",20,12960
"RAMP_P_000000382",33,12960
"RAMP_P_000000383",22,12960
"RAMP_P_000000384",6,12960
"RAMP_P_000000385",4,12960
"RAMP_P_000000386",33,12960
"RAMP_P_000000387",39,12960
"RAMP_P_000000388",17,12960
"RAMP_P_000000389",15,12960
"RAMP_P_000000390",28,12960
"RAMP_P_000000391",0,12960
"RAMP_P_000000392",4,12960
"RAMP_P_000000393",56,12960
"RAMP_P_000000394",14,12960
"RAMP_P_000000395",1,12960
"RAMP_P_000000396",14,12960
"RAMP_P_000000397",4,12960
"RAMP_P_000000398",15,12960
"RAMP_P_000000399",28,12960
"RAMP_P_000000400",26,12960
"RAMP_P_000000401",33,12960
"RAMP_P_000000402",0,12960
"RAMP_P_000000403",30,12960
"RAMP_P_000000404",22,12960
"RAMP_P_000000405",15,12960
"RAMP_P_000000406",1,12960
"RAMP_P_000000407",5,12960
"RAMP_P_000000408",8,12960
"RAMP_P_000000409",15,12960
"RAMP_P_000000410",0,12960
"RAMP_P_000000411",8,12960
"RAMP_P_000000412",5,12960
"RAMP_P_000000413",27,12960
"RAMP_P_000000414",30,12960
"RAMP_P_000000415",23,12960
"RAMP_P_000000416",22,12960
"RAMP_P_000000417",33,12960
"RAMP_P_000000418",0,12960
"RAMP_P_000000419",56,12960
"RAMP_P_000000420",10,12960
"RAMP_P_000000421",8,12960
"RAMP_P_000000422",33,12960
"RAMP_P_000000423",56,12960
"RAMP_P_000000424",5,12960
"RAMP_P_000000425",5,12960
"RAMP_P_000000426",36,12960
"RAMP_P_000000427",19,12960
"RAMP_P_000000428",23,12960
"RAMP_P_000000429",36,12960
"RAMP_P_000000430",3,12960
"RAMP_P_000000431",56,12960
"RAMP_P_000000432",23,12960
"RAMP_P_000000433",14,12960
"RAMP_P_000000434",56,12960
"RAMP_P_000000435",9,12960
"RAMP_P_000000436",10,12960
"RAMP_P_000000437",11,12960
"RAMP_P_000000438",5,12960
"RAMP_P_000000439",0,12960
"RAMP_P_000000440",11,12960
"RAMP_P_000000441",28,12960
"RAMP_P_000000442",27,12960
"RAMP_P_000000443",8,12960
"RAMP_P_000000444",22,12960
"RAMP_P_000000445",4,12960
"RAMP_P_000000446",56,12960
"RAMP_P_000000447",28,12960
"RAMP_P_000000448",27,12960
"RAMP_P_000000449",30,12960
"RAMP_P_000000450",33,12960
"RAMP_P_000000451",56,12960
"RAMP_P_000000452",26,12960
"RAMP_P_000000453",30,12960
"RAMP_P_000000454",1,12960
"RAMP_P_000000455",4,12960
"RAMP_P_000000456",15,12960
"RAMP_P_000000457",11,12960
"RAMP_P_000000458",27,12960
"RAMP_P_000000459",18,12960
"RAMP_P_000000460",13,12960
"RAMP_P_000000461",27,12960
"RAMP_P_000000462",22,12960
"RAMP_P_000000463",0,12960
"RAMP_P_000000464",0,12960
"RAMP_P_000000465",7,12960
"RAMP_P_000000466",4,12960
"RAMP_P_000000467",28,12960
"RAMP_P_000000468",0,12960
"RAMP_P_000000469",12,12960
"RAMP_P_000000470",14,12960
"RAMP_P_000000471",33,12960
"RAMP_P_000000472",56,12960
"RAMP_P_000000473",23,12960
"RAMP_P_000000474",33,12960
"RAMP_P_000000475",28,12960
"RAMP_P_000000476",56,12960
"RAMP_P_000000477",4,12960
"RAMP_P_000000478",4,12960
"RAMP_P_000000479",9,12960
"RAMP_P_000000480",15,12960
"RAMP_P_000000481",27,12960
"RAMP_P_000000482",30,12960
"RAMP_P_000000483",8,12960
"RAMP_P_000000484",14,12960
"RAMP_P_000000485",9,12960
"RAMP_P_000000486",11,12960
"RAMP_P_000000487",14,12960
"RAMP_P_000000488",18,12960
"RAMP_P_000000489",1,12960
"RAMP_P_000000490",18,12960
"RAMP_P_000000491",27,12960
"RAMP_P_000000492",56,12960
"RAMP_P_000000493",23,12960
"RAMP_P_000000494",26,12960
"RAMP_P_000000495",28,12960
"RAMP_P_000000496",0,12960
"RAMP_P_000000497",4,12960
"RAMP_P_000000498",28,12960
"RAMP_P_000000499",27,12960
"RAMP_P_000000500",11,12960
"RAMP_P_000000501",7,12960
"RAMP_P_000000502",4,12960
"RAMP_P_000000503",9,12960
"RAMP_P_000000504",10,12960
"RAMP_P_000000505",8,12960
"RAMP_P_000000506",20,12960
"RAMP_P_000000507",33,12960
"RAMP_P_000000508",30,12960
"RAMP_P_000000509",13,12960
"RAMP_P_000000510",22,12960
"RAMP_P_000000511",8,12960
"RAMP_P_000000512",8,12960
"RAMP_P_000000513",21,12960
"RAMP_P_000000514",9,12960
"RAMP_P_000000515",28,12960
"RAMP_P_000000516",7,12960
"RAMP_P_000000517",0,12960
"RAMP_P_000000518",7,12960
"RAMP_P_000000519",0,12960
"RAMP_P_000000520",7,12960
"RAMP_P_000000521",13,12960
"RAMP_P_000000522",1,12960
"RAMP_P_000000523",7,12960
"RAMP_P_000000524",58,12960
"RAMP_P_000000525",8,12960
"RAMP_P_000000526",13,12960
"RAMP_P_000000527",5,12960
"RAMP_P_000000528",36,12960
"RAMP_P_000000529",36,12960
"RAMP_P_000000530",14,12960
"RAMP_P_000000531",13,12960
"RAMP_P_000000532",1,12960
"RAMP_P_000000533",4,12960
"RAMP_P_000000534",12,12960
"RAMP_P_000000535",56,12960
"RAMP_P_000000536",26,12960
"RAMP_P_000000537",0,12960
"RAMP_P_000000538",27,12960
"RAMP_P_000000539",34,12960
"RAMP_P_000000540",5,12960
"RAMP_P_000000541",4,12960
"RAMP_P_000000542",5,12960
"RAMP_P_000000543",9,12960
"RAMP_P_000000544",9,12960
"RAMP_P_000000545",27,12960
"RAMP_P_000000546",14,12960
"RAMP_P_000000547",14,12960
"RAMP_P_000000548",18,12960
"RAMP_P_000000549",20,12960
"RAMP_P_000000550",56,12960
"RAMP_P_000000551",8,12960
"RAMP_P_000000552",1,12960
"RAMP_P_000000553",36,12960
"RAMP_P_000000554",14,12960
"RAMP_P_000000555",24,12960
"RAMP_P_000000556",1,12960
"RAMP_P_000000557",22,12960
"RAMP_P_000000558",18,12960
"RAMP_P_000000559",33,12960
"RAMP_P_000000560",23,12960
"RAMP_P_000000561",14,12960
"RAMP_P_000000562",7,12960
"RAMP_P_000000563",19,12960
"RAMP_P_000000564",11,12960
"RAMP_P_000000565",56,12960
"RAMP_P_000000566",22,12960
"RAMP_P_000000567",56,12960
"RAMP_P_000000568",1,12960
"RAMP_P_000000569",12,12960
"RAMP_P_000000570",10,12960
"RAMP_P_000000571",7,12960
"RAMP_P_000000572",0,12960
"RAMP_P_000000573",1,12960
"RAMP_P_000000574",17,12960
"RAMP_P_000000575",14,12960
"RAMP_P_000000576",2,12960
"RAMP_P_000000577",0,12960
"RAMP_P_000000578",27,12960
"RAMP_P_000000579",33,12960
"RAMP_P_000000580",14,12960
"RAMP_P_000000581",10,12960
"RAMP_P_000000582",0,12960
"RAMP_P_000000583",22,12960
"RAMP_P_000000584",56,12960
"RAMP_P_000000585",27,12960
"RAMP_P_000000586",8,12960
"RAMP_P_000000587",1,12960
"RAMP_P_000000588",28,12960
"RAMP_P_000000589",14,12960
"RAMP_P_000000590",15,12960
"RAMP_P_000000591",33,12960
"RAMP_P_000000592",18,12960
"RAMP_P_000000593",2,12960
"RAMP_P_000000594",11,12960
"RAMP_P_000000595",5,12960
"RAMP_P_000000596",11,12960
"RAMP_P_000000597",27,12960
"RAMP_P_000000598",9,12960
"RAMP_P_000000599",0,12960
"RAMP_P_000000600",22,12960
"RAMP_P_000000601",15,12960
"RAMP_P_000000602",56,12960
"RAMP_P_000000603",19,12960
"RAMP_P_000000604",7,12960
"RAMP_P_000000605",22,12960
"RAMP_P_000000606",5,12960
"RAMP_P_000000607",33,12960
"RAMP_P_000000608",27,12960
"RAMP_P_000000609",9,12960
"RAMP_P_000000610",8,12960
"RAMP_P_000000611",15,12960
"RAMP_P_000000612",8,12960
"RAMP_P_000000613",20,12960
"RAMP_P_000000614",1,12960
"RAMP_P_000000615",4,12960
"RAMP_P_000000616",28,12960
"RAMP_P_000000617",8,12960
"RAMP_P_000000618",30,12960
"RAMP_P_000000619",9,12960
"RAMP_P_000000620",9,12960
"RAMP_P_000000621",27,12960
"RAMP_P_000000622",15,12960
"RAMP_P_000000623",28,12960
"RAMP_P_000000624",14,12960
"RAMP_P_000000625",11,12960
"RAMP_P_000000626",15,12960
"RAMP_P_000000627",8,12960
"RAMP_P_000000628",36,12960
"RAMP_P_000000629",14,12960
"RAMP_P_000000630",22,12960
"RAMP_P_000000631",56,12960
"RAMP_P_000000632",21,12960
"RAMP_P_000000633",8,12960
"RAMP_P_000000634",21,12960
"RAMP_P_000000635",13,12960
"RAMP_P_000000636",3,12960
"RAMP_P_000000637",18,12960
"RAMP_P_000000638",29,12960
"RAMP_P_000000639",28,12960
"RAMP_P_000000640",10,12960
"RAMP_P_000000641",20,12960
"RAMP_P_000000642",1,12960
"RAMP_P_000000643",2,12960
"RAMP_P_000000644",14,12960
"RAMP_P_000000645",5,12960
"RAMP_P_000000646",17,12960
"RAMP_P_000000647",33,12960
"RAMP_P_000000648",2,12960
"RAMP_P_000000649",1,12960
"RAMP_P_000000650",14,12960
"RAMP_P_000000651",26,12960
"RAMP_P_000000652",28,12960
"RAMP_P_000000653",27,12960
"RAMP_P_000000654",22,12960
"RAMP_P_000000655",56,12960
"RAMP_P_000000656",12,12960
"RAMP_P_000000657",33,12960
"RAMP_P_000000658",13,12960
"RAMP_P_000000659",27,12960
"RAMP_P_000000660",16,12960
"RAMP_P_000000661",0,12960
"RAMP_P_000000662",11,12960
"RAMP_P_000000663",3,12960
"RAMP_P_000000664",1,12960
"RAMP_P_000000665",0,12960
"RAMP_P_000000666",45,12960
"RAMP_P_000000667",4,12960
"RAMP_P_000000668",56,12960
"RAMP_P_000000669",20,12960
"RAMP_P_000000670",28,12960
"RAMP_P_000000671",15,12960
"RAMP_P_000000672",1,12960
"RAMP_P_000000673",5,12960
"RAMP_P_000000674",22,12960
"RAMP_P_000000675",27,12960
"RAMP_P_000000676",4,12960
"RAMP_P_000000677",9,12960
"RAMP_P_000000678",14,12960
"RAMP_P_000000679",0,12960
"RAMP_P_000000680",34,12960
"RAMP_P_000000681",36,12960
"RAMP_P_000000682",0,12960
"RAMP_P_000000683",14,12960
"RAMP_P_000000684",19,12960
"RAMP_P_000000685",1,12960
"RAMP_P_000000686",33,12960
"RAMP_P_000000687",3,12960
"RAMP_P_000000688",18,12960
"RAMP_P_000000689",15,12960
"RAMP_P_000000690",17,12960
"RAMP_P_000000691",56,12960
"RAMP_P_000000692",32,12960
"RAMP_P_000000693",14,12960
"RAMP_P_000000694",27,12960
"RAMP_P_000000695",14,12960
"RAMP_P_000000696",56,12960
"RAMP_P_000000697",15,12960
"RAMP_P_000000698",9,12960
"RAMP_P_000000699",20,12960
"RAMP_P_000000700",13,12960
"RAMP_P_000000701",14,12960
"RAMP_P_000000702",6,12960
"RAMP_P_000000703",33,12960
"RAMP_P_000000704",1,12960
"RAMP_P_000000705",6,12960
"RAMP_P_000000706",4,12960
"RAMP_P_000000707",23,12960
"RAMP_P_000000708",27,12960
"RAMP_P_000000709",0,12960
"RAMP_P_000000710",14,12960
"RAMP_P_000000711",30,12960
"RAMP_P_000000712",0,12960
"RAMP_P_000000713",4,12960
"RAMP_P_000000714",56,12960
"RAMP_P_000000715",5,12960
"RAMP_P_000000716",33,12960
"RAMP_P_000000717",0,12960
"RAMP_P_000000718",4,12960
"RAMP_P_000000719",56,12960
"RAMP_P_000000720",5,12960
"RAMP_P_000000721",8,12960
"RAMP_P_000000722",5,12960
"RAMP_P_000000723",9,12960
"RAMP_P_000000724",20,12960
"RAMP_P_000000725",1,12960
"RAMP_P_000000726",30,12960
"RAMP_P_000000727",30,12960
"RAMP_P_000000728",8,12960
"RAMP_P_000000729",59,12960
"RAMP_P_000000730",10,12960
"RAMP_P_000000731",31,12960
"RAMP_P_000000732",24,12960
"RAMP_P_000000733",6,12960
"RAMP_P_000000734",13,12960
"RAMP_P_000000735",32,12960
"RAMP_P_000000736",1,12960
"RAMP_P_000000737",9,12960
"RAMP_P_000000738",130,12960
"RAMP_P_000000739",44,12960
"RAMP_P_000000740",60,12960
"RAMP_P_000000741",102,12960
"RAMP_P_000000742",17,12960
"RAMP_P_000000743",67,12960
"RAMP_P_000000744",25,12960
"RAMP_P_000000745",19,12960
"RAMP_P_000000746",67,12960
"RAMP_P_000000747",41,12960
"RAMP_P_000000748",21,12960
"RAMP_P_000000749",64,12960
"RAMP_P_000000750",82,12960
"RAMP_P_000000751",37,12960
"RAMP_P_000000752",17,12960
"RAMP_P_000000753",5,12960
"RAMP_P_000000754",299,12960
"RAMP_P_000000755",29,12960
"RAMP_P_000000756",8,12960
"RAMP_P_000000757",6,12960
"RAMP_P_000000758",4,12960
"RAMP_P_000000759",11,12960
"RAMP_P_000000760",66,12960
"RAMP_P_000000761",133,12960
"RAMP_P_000000762",17,12960
"RAMP_P_000000763",17,12960
"RAMP_P_000000764",4,12960
"RAMP_P_000000765",0,12960
"RAMP_P_000000766",16,12960
"RAMP_P_000000767",45,12960
"RAMP_P_000000768",13,12960
"RAMP_P_000000769",101,12960
"RAMP_P_000000770",159,12960
"RAMP_P_000000771",23,12960
"RAMP_P_000000772",12,12960
"RAMP_P_000000773",24,12960
"RAMP_P_000000774",17,12960
"RAMP_P_000000775",18,12960
"RAMP_P_000000776",7,12960
"RAMP_P_000000777",36,12960
"RAMP_P_000000778",93,12960
"RAMP_P_000000779",63,12960
"RAMP_P_000000780",46,12960
"RAMP_P_000000781",6,12960
"RAMP_P_000000782",74,12960
"RAMP_P_000000783",38,12960
"RAMP_P_000000784",49,12960
"RAMP_P_000000785",8,12960
"RAMP_P_000000786",31,12960
"RAMP_P_000000787",12,12960
"RAMP_P_000000788",5,12960
"RAMP_P_000000789",46,12960
"RAMP_P_000000790",24,12960
"RAMP_P_000000791",4,12960
"RAMP_P_000000792",103,12960
"RAMP_P_000000793",23,12960
"RAMP_P_000000794",11,12960
"RAMP_P_000000795",32,12960
"RAMP_P_000000796",12,12960
"RAMP_P_000000797",115,12960
"RAMP_P_000000798",12,12960
"RAMP_P_000000799",8,12960
"RAMP_P_000000800",237,12960
"RAMP_P_000000801",43,12960
"RAMP_P_000000802",21,12960
"RAMP_P_000000803",9,12960
"RAMP_P_000000804",18,12960
"RAMP_P_000000805",6,12960
"RAMP_P_000000806",2,12960
"RAMP_P_000000807",38,12960
"RAMP_P_000000808",93,12960
"RAMP_P_000000809",49,12960
"RAMP_P_000000810",58,12960
"RAMP_P_000000811",67,12960
"RAMP_P_000000812",12,12960
"RAMP_P_000000813",9,12960
"RAMP_P_000000814",44,12960
"RAMP_P_000000815",8,12960
"RAMP_P_000000816",34,12960
"RAMP_P_000000817",19,12960
"RAMP_P_000000818",115,12960
"RAMP_P_000000819",33,12960
"RAMP_P_000000820",53,12960
"RAMP_P_000000821",156,12960
"RAMP_P_000000822",37,12960
"RAMP_P_000000823",7,12960
"RAMP_P_000000824",1,12960
"RAMP_P_000000825",54,12960
"RAMP_P_000000826",5,12960
"RAMP_P_000000827",153,12960
"RAMP_P_000000828",149,12960
"RAMP_P_000000829",4,12960
"RAMP_P_000000830",64,12960
"RAMP_P_000000831",66,12960
"RAMP_P_000000832",132,12960
"RAMP_P_000000833",36,12960
"RAMP_P_000000834",18,12960
"RAMP_P_000000835",29,12960
"RAMP_P_000000836",54,12960
"RAMP_P_000000837",19,12960
"RAMP_P_000000838",8,12960
"RAMP_P_000000839",3,12960
"RAMP_P_000000840",16,12960
"RAMP_P_000000842",35,12960
"RAMP_P_000000843",40,12960
"RAMP_P_000000844",44,12960
"RAMP_P_000000845",15,12960
"RAMP_P_000000846",8,12960
"RAMP_P_000000847",155,12960
"RAMP_P_000000848",4,12960
"RAMP_P_000000849",13,12960
"RAMP_P_000000850",34,12960
"RAMP_P_000000851",38,12960
"RAMP_P_000000852",8,12960
"RAMP_P_000000853",54,12960
"RAMP_P_000000854",10,12960
"RAMP_P_000000855",28,12960
"RAMP_P_000000856",11,12960
"RAMP_P_000000857",66,12960
"RAMP_P_000000858",137,12960
"RAMP_P_000000859",26,12960
"RAMP_P_000000860",31,12960
"RAMP_P_000000861",11,12960
"RAMP_P_000000862",33,12960
"RAMP_P_000000863",7,12960
"RAMP_P_000000864",17,12960
"RAMP_P_000000865",12,12960
"RAMP_P_000000866",48,12960
"RAMP_P_000000867",13,12960
"RAMP_P_000000868",40,12960
"RAMP_P_000000869",65,12960
"RAMP_P_000000870",50,12960
"RAMP_P_000000871",4,12960
"RAMP_P_000000872",85,12960
"RAMP_P_000000873",10,12960
"RAMP_P_000000874",12,12960
"RAMP_P_000000875",2,12960
"RAMP_P_000000876",84,12960
"RAMP_P_000000877",60,12960
"RAMP_P_000000878",18,12960
"RAMP_P_000000879",10,12960
"RAMP_P_000000880",51,12960
"RAMP_P_000000881",262,12960
"RAMP_P_000000882",7,12960
"RAMP_P_000000883",2,12960
"RAMP_P_000000884",14,12960
"RAMP_P_000000885",26,12960
"RAMP_P_000000886",101,12960
"RAMP_P_000000887",208,12960
"RAMP_P_000000888",14,12960
"RAMP_P_000000889",45,12960
"RAMP_P_000000890",7,12960
"RAMP_P_000000891",15,12960
"RAMP_P_000000892",29,12960
"RAMP_P_000000893",5,12960
"RAMP_P_000000894",9,12960
"RAMP_P_000000895",37,12960
"RAMP_P_000000896",30,12960
"RAMP_P_000000897",58,12960
"RAMP_P_000000898",115,12960
"RAMP_P_000000899",24,12960
"RAMP_P_000000900",40,12960
"RAMP_P_000000901",160,12960
"RAMP_P_000000902",15,12960
"RAMP_P_000000903",37,12960
"RAMP_P_000000904",10,12960
"RAMP_P_000000905",48,12960
"RAMP_P_000000906",19,12960
"RAMP_P_000000907",56,12960
"RAMP_P_000000908",74,12960
"RAMP_P_000000909",4,12960
"RAMP_P_000000910",13,12960
"RAMP_P_000000911",58,12960
"RAMP_P_000000912",7,12960
"RAMP_P_000000913",1,12960
"RAMP_P_000000914",17,12960
"RAMP_P_000000915",30,12960
"RAMP_P_000000916",16,12960
"RAMP_P_000000917",2,12960
"RAMP_P_000000918",53,12960
"RAMP_P_000000919",56,12960
"RAMP_P_000000920",31,12960
"RAMP_P_000000921",82,12960
"RAMP_P_000000922",26,12960
"RAMP_P_000000923",28,12960
"RAMP_P_000000924",14,12960
"RAMP_P_000000925",22,12960
"RAMP_P_000000926",31,12960
"RAMP_P_000000927",54,12960
"RAMP_P_000000928",48,12960
"RAMP_P_000000929",34,12960
"RAMP_P_000000930",100,12960
"RAMP_P_000000931",88,12960
"RAMP_P_000000932",34,12960
"RAMP_P_000000933",20,12960
"RAMP_P_000000934",42,12960
"RAMP_P_000000935",23,12960
"RAMP_P_000000936",47,12960
"RAMP_P_000000937",6,12960
"RAMP_P_000000938",14,12960
"RAMP_P_000000939",21,12960
"RAMP_P_000000940",5,12960
"RAMP_P_000000941",65,12960
"RAMP_P_000000942",191,12960
"RAMP_P_000000943",50,12960
"RAMP_P_000000944",19,12960
"RAMP_P_000000945",11,12960
"RAMP_P_000000946",8,12960
"RAMP_P_000000947",151,12960
"RAMP_P_000000948",54,12960
"RAMP_P_000000949",44,12960
"RAMP_P_000000950",23,12960
"RAMP_P_000000951",22,12960
"RAMP_P_000000952",70,12960
"RAMP_P_000000953",46,12960
"RAMP_P_000000954",19,12960
"RAMP_P_000000955",71,12960
"RAMP_P_000000956",25,12960
"RAMP_P_000000957",127,12960
"RAMP_P_000000958",24,12960
"RAMP_P_000000959",19,12960
"RAMP_P_000000960",136,12960
"RAMP_P_000000961",7,12960
"RAMP_P_000000962",9,12960
"RAMP_P_000000963",37,12960
"RAMP_P_000000964",15,12960
"RAMP_P_000000965",16,12960
"RAMP_P_000000966",140,12960
"RAMP_P_000000967",49,12960
"RAMP_P_000000968",20,12960
"RAMP_P_000000969",34,12960
"RAMP_P_000000970",2,12960
"RAMP_P_000000971",22,12960
"RAMP_P_000000972",28,12960
"RAMP_P_000000973",17,12960
"RAMP_P_000000974",32,12960
"RAMP_P_000000975",38,12960
"RAMP_P_000000976",12,12960
"RAMP_P_000000977",92,12960
"RAMP_P_000000978",22,12960
"RAMP_P_000000979",40,12960
"RAMP_P_000000980",15,12960
"RAMP_P_000000981",31,12960
"RAMP_P_000000982",48,12960
"RAMP_P_000000983",37,12960
"RAMP_P_000000984",9,12960
"RAMP_P_000000985",24,12960
"RAMP_P_000000986",41,12960
"RAMP_P_000000987",170,12960
"RAMP_P_000000988",62,12960
"RAMP_P_000000989",11,12960
"RAMP_P_000000990",47,12960
"RAMP_P_000000991",69,12960
"RAMP_P_000000992",14,12960
"RAMP_P_000000993",84,12960
"RAMP_P_000000994",23,12960
"RAMP_P_000000995",34,12960
"RAMP_P_000000996",13,12960
"RAMP_P_000000997",10,12960
"RAMP_P_000000998",21,12960
"RAMP_P_000000999",20,12960
"RAMP_P_000001000",30,12960
"RAMP_P_000001001",92,12960
"RAMP_P_000001002",29,12960
"RAMP_P_000001003",30,12960
"RAMP_P_000001004",30,12960
"RAMP_P_000001005",7,12960
"RAMP_P_000001006",42,12960
"RAMP_P_000001007",61,12960
"RAMP_P_000001008",20,12960
"RAMP_P_000001009",13,12960
"RAMP_P_000001010",5,12960
"RAMP_P_000001011",38,12960
"RAMP_P_000001012",17,12960
"RAMP_P_000001013",5,12960
"RAMP_P_000001014",72,12960
"RAMP_P_000001015",19,12960
"RAMP_P_000001016",50,12960
"RAMP_P_000001017",0,12960
"RAMP_P_000001018",4,12960
"RAMP_P_000001019",80,12960
"RAMP_P_000001020",16,12960
"RAMP_P_000001021",33,12960
"RAMP_P_000001022",1,12960
"RAMP_P_000001023",22,12960
"RAMP_P_000001024",13,12960
"RAMP_P_000001025",105,12960
"RAMP_P_000001026",15,12960
"RAMP_P_000001027",31,12960
"RAMP_P_000001028",13,12960
"RAMP_P_000001029",47,12960
"RAMP_P_000001030",7,12960
"RAMP_P_000001031",53,12960
"RAMP_P_000001032",35,12960
"RAMP_P_000001033",165,12960
"RAMP_P_000001034",60,12960
"RAMP_P_000001035",92,12960
"RAMP_P_000001036",38,12960
"RAMP_P_000001037",14,12960
"RAMP_P_000001038",19,12960
"RAMP_P_000001039",138,12960
"RAMP_P_000001040",8,12960
"RAMP_P_000001041",57,12960
"RAMP_P_000001042",13,12960
"RAMP_P_000001043",54,12960
"RAMP_P_000001044",104,12960
"RAMP_P_000001045",26,12960
"RAMP_P_000001046",23,12960
"RAMP_P_000001047",68,12960
"RAMP_P_000001048",83,12960
"RAMP_P_000001049",16,12960
"RAMP_P_000001050",5,12960
"RAMP_P_000001051",9,12960
"RAMP_P_000001052",19,12960
"RAMP_P_000001053",13,12960
"RAMP_P_000001054",5,12960
"RAMP_P_000001055",6,12960
"RAMP_P_000001056",31,12960
"RAMP_P_000001057",10,12960
"RAMP_P_000001058",9,12960
"RAMP_P_000001059",87,12960
"RAMP_P_000001060",16,12960
"RAMP_P_000001061",31,12960
"RAMP_P_000001062",10,12960
"RAMP_P_000001063",16,12960
"RAMP_P_000001064",20,12960
"RAMP_P_000001065",77,12960
"RAMP_P_000001066",53,12960
"RAMP_P_000001067",68,12960
"RAMP_P_000001068",44,12960
"RAMP_P_000001069",8,12960
"RAMP_P_000001070",17,12960
"RAMP_P_000001071",17,12960
"RAMP_P_000001072",31,12960
"RAMP_P_000001073",32,12960
"RAMP_P_000001074",38,12960
"RAMP_P_000001075",16,12960
"RAMP_P_000001076",88,12960
"RAMP_P_000001077",6,12960
"RAMP_P_000001078",37,12960
"RAMP_P_000001079",7,12960
"RAMP_P_000001080",7,12960
"RAMP_P_000001081",12,12960
"RAMP_P_000001082",47,12960
"RAMP_P_000001083",31,12960
"RAMP_P_000001084",33,12960
"RAMP_P_000001085",24,12960
"RAMP_P_000001086",5,12960
"RAMP_P_000001087",22,12960
"RAMP_P_000001088",25,12960
"RAMP_P_000001089",6,12960
"RAMP_P_000001090",85,12960
"RAMP_P_000001091",8,12960
"RAMP_P_000001092",68,12960
"RAMP_P_000001093",74,12960
"RAMP_P_000001094",27,12960
"RAMP_P_000001095",38,12960
"RAMP_P_000001096",90,12960
"RAMP_P_000001097",15,12960
"RAMP_P_000001098",38,12960
"RAMP_P_000001099",168,12960
"RAMP_P_000001100",19,12960
"RAMP_P_000001101",24,12960
"RAMP_P_000001102",7,12960
"RAMP_P_000001103",32,12960
"RAMP_P_000001104",18,12960
"RAMP_P_000001105",40,12960
"RAMP_P_000001106",103,12960
"RAMP_P_000001107",15,12960
"RAMP_P_000001108",68,12960
"RAMP_P_000001109",54,12960
"RAMP_P_000001110",143,12960
"RAMP_P_000001111",25,12960
"RAMP_P_000001112",260,12960
"RAMP_P_000001113",26,12960
"RAMP_P_000001114",5,12960
"RAMP_P_000001115",11,12960
"RAMP_P_000001116",60,12960
"RAMP_P_000001117",103,12960
"RAMP_P_000001118",1079,12960
"RAMP_P_000001119",10,12960
"RAMP_P_000001120",112,12960
"RAMP_P_000001121",2,12960
"RAMP_P_000001122",0,12960
"RAMP_P_000001123",4,12960
"RAMP_P_000001124",76,12960
"RAMP_P_000001125",279,12960
"RAMP_P_000001126",23,12960
"RAMP_P_000001127",61,12960
"RAMP_P_000001128",13,12960
"RAMP_P_000001129",0,12960
"RAMP_P_000001130",114,12960
"RAMP_P_000001131",4,12960
"RAMP_P_000001132",107,12960
"RAMP_P_000001133",284,12960
"RAMP_P_000001134",8,12960
"RAMP_P_000001135",3,12960
"RAMP_P_000001136",51,12960
"RAMP_P_000001137",39,12960
"RAMP_P_000001138",3,12960
"RAMP_P_000001139",49,12960
"RAMP_P_000001140",0,12960
"RAMP_P_000001141",173,12960
"RAMP_P_000001142",46,12960
"RAMP_P_000001143",55,12960
"RAMP_P_000001144",97,12960
"RAMP_P_000001145",73,12960
"RAMP_P_000001146",61,12960
"RAMP_P_000001147",2,12960
"RAMP_P_000001148",3,12960
"RAMP_P_000001149",3,12960
"RAMP_P_000001150",0,12960
"RAMP_P_000001151",0,12960
"RAMP_P_000001152",347,12960
"RAMP_P_000001153",4,12960
"RAMP_P_000001154",45,12960
"RAMP_P_000001155",0,12960
"RAMP_P_000001156",28,12960
"RAMP_P_000001157",8,12960
"RAMP_P_000001158",18,12960
"RAMP_P_000001159",86,12960
"RAMP_P_000001160",29,12960
"RAMP_P_000001161",6,12960
"RAMP_P_000001162",7,12960
"RAMP_P_000001163",28,12960
"RAMP_P_000001164",11,12960
"RAMP_P_000001165",6,12960
"RAMP_P_000001166",4,12960
"RAMP_P_000001167",19,12960
"RAMP_P_000001168",0,12960
"RAMP_P_000001169",267,12960
"RAMP_P_000001170",39,12960
"RAMP_P_000001171",17,12960
"RAMP_P_000001172",14,12960
"RAMP_P_000001173",104,12960
"RAMP_P_000001174",53,12960
"RAMP_P_000001175",8,12960
"RAMP_P_000001176",2,12960
"RAMP_P_000001177",15,12960
"RAMP_P_000001178",9,12960
"RAMP_P_000001179",28,12960
"RAMP_P_000001180",4,12960
"RAMP_P_000001181",5,12960
"RAMP_P_000001182",7,12960
"RAMP_P_000001183",35,12960
"RAMP_P_000001184",6,12960
"RAMP_P_000001185",16,12960
"RAMP_P_000001186",241,12960
"RAMP_P_000001187",20,12960
"RAMP_P_000001188",20,12960
"RAMP_P_000001189",19,12960
"RAMP_P_000001190",42,12960
"RAMP_P_000001191",1,12960
"RAMP_P_000001192",57,12960
"RAMP_P_000001193",16,12960
"RAMP_P_000001194",19,12960
"RAMP_P_000001195",5,12960
"RAMP_P_000001196",80,12960
"RAMP_P_000001197",0,12960
"RAMP_P_000001198",50,12960
"RAMP_P_000001199",38,12960
"RAMP_P_000001200",560,12960
"RAMP_P_000001201",80,12960
"RAMP_P_000001202",98,12960
"RAMP_P_000001203",11,12960
"RAMP_P_000001204",10,12960
"RAMP_P_000001205",11,12960
"RAMP_P_000001206",9,12960
"RAMP_P_000001207",22,12960
"RAMP_P_000001208",12,12960
"RAMP_P_000001209",203,12960
"RAMP_P_000001210",57,12960
"RAMP_P_000001211",11,12960
"RAMP_P_000001212",2,12960
"RAMP_P_000001213",12,12960
"RAMP_P_000001214",45,12960
"RAMP_P_000001215",72,12960
"RAMP_P_000001216",40,12960
"RAMP_P_000001217",10,12960
"RAMP_P_000001218",1,12960
"RAMP_P_000001219",23,12960
"RAMP_P_000001220",7,12960
"RAMP_P_000001221",0,12960
"RAMP_P_000001222",23,12960
"RAMP_P_000001223",9,12960
"RAMP_P_000001224",18,12960
"RAMP_P_000001225",50,12960
"RAMP_P_000001226",55,12960
"RAMP_P_000001227",15,12960
"RAMP_P_000001228",14,12960
"RAMP_P_000001229",30,12960
"RAMP_P_000001230",91,12960
"RAMP_P_000001231",10,12960
"RAMP_P_000001232",27,12960
"RAMP_P_000001233",8,12960
"RAMP_P_000001234",1,12960
"RAMP_P_000001235",10,12960
"RAMP_P_000001236",27,12960
"RAMP_P_000001237",90,12960
"RAMP_P_000001238",14,12960
"RAMP_P_000001239",34,12960
"RAMP_P_000001240",264,12960
"RAMP_P_000001241",151,12960
"RAMP_P_000001242",0,12960
"RAMP_P_000001243",180,12960
"RAMP_P_000001244",142,12960
"RAMP_P_000001245",6,12960
"RAMP_P_000001246",480,12960
"RAMP_P_000001247",5,12960
"RAMP_P_000001248",21,12960
"RAMP_P_000001249",15,12960
"RAMP_P_000001250",44,12960
"RAMP_P_000001251",0,12960
"RAMP_P_000001252",1,12960
"RAMP_P_000001253",12,12960
"RAMP_P_000001254",403,12960
"RAMP_P_000001255",0,12960
"RAMP_P_000001256",24,12960
"RAMP_P_000001257",13,12960
"RAMP_P_000001258",13,12960
"RAMP_P_000001259",76,12960
"RAMP_P_000001260",26,12960
"RAMP_P_000001261",0,12960
"RAMP_P_000001262",63,12960
"RAMP_P_000001263",4,12960
"RAMP_P_000001264",4,12960
"RAMP_P_000001265",14,12960
"RAMP_P_000001266",205,12960
"RAMP_P_000001267",110,12960
"RAMP_P_000001268",56,12960
"RAMP_P_000001269",1,12960
"RAMP_P_000001270",117,12960
"RAMP_P_000001271",27,12960
"RAMP_P_000001272",432,12960
"RAMP_P_000001273",38,12960
"RAMP_P_000001274",74,12960
"RAMP_P_000001275",96,12960
"RAMP_P_000001276",6,12960
"RAMP_P_000001277",0,12960
"RAMP_P_000001278",94,12960
"RAMP_P_000001279",18,12960
"RAMP_P_000001280",5,12960
"RAMP_P_000001281",16,12960
"RAMP_P_000001282",12,12960
"RAMP_P_000001283",15,12960
"RAMP_P_000001284",5,12960
"RAMP_P_000001285",28,12960
"RAMP_P_000001286",50,12960
"RAMP_P_000001287",0,12960
"RAMP_P_000001288",53,12960
"RAMP_P_000001289",163,12960
"RAMP_P_000001290",267,12960
"RAMP_P_000001291",8,12960
"RAMP_P_000001292",38,12960
"RAMP_P_000001293",10,12960
"RAMP_P_000001294",66,12960
"RAMP_P_000001295",16,12960
"RAMP_P_000001296",5,12960
"RAMP_P_000001297",60,12960
"RAMP_P_000001298",442,12960
"RAMP_P_000001299",58,12960
"RAMP_P_000001300",0,12960
"RAMP_P_000001301",0,12960
"RAMP_P_000001302",14,12960
"RAMP_P_000001303",38,12960
"RAMP_P_000001304",22,12960
"RAMP_P_000001305",2,12960
"RAMP_P_000001306",7,12960
"RAMP_P_000001307",2118,12960
"RAMP_P_000001308",2,12960
"RAMP_P_000001309",26,12960
"RAMP_P_000001310",14,12960
"RAMP_P_000001311",30,12960
"RAMP_P_000001312",99,12960
"RAMP_P_000001313",13,12960
"RAMP_P_000001314",22,12960
"RAMP_P_000001315",0,12960
"RAMP_P_000001316",36,12960
"RAMP_P_000001317",1,12960
"RAMP_P_000001318",2,12960
"RAMP_P_000001319",0,12960
"RAMP_P_000001320",63,12960
"RAMP_P_000001321",113,12960
"RAMP_P_000001322",7,12960
"RAMP_P_000001323",82,12960
"RAMP_P_000001324",64,12960
"RAMP_P_000001325",12,12960
"RAMP_P_000001326",25,12960
"RAMP_P_000001327",10,12960
"RAMP_P_000001328",90,12960
"RAMP_P_000001329",0,12960
"RAMP_P_000001330",3,12960
"RAMP_P_000001331",19,12960
"RAMP_P_000001332",246,12960
"RAMP_P_000001333",95,12960
"RAMP_P_000001334",4,12960
"RAMP_P_000001335",13,12960
"RAMP_P_000001336",6,12960
"RAMP_P_000001337",94,12960
"RAMP_P_000001338",13,12960
"RAMP_P_000001339",3,12960
"RAMP_P_000001340",4,12960
"RAMP_P_000001341",20,12960
"RAMP_P_000001342",1,12960
"RAMP_P_000001343",101,12960
"RAMP_P_000001344",4,12960
"RAMP_P_000001345",3,12960
"RAMP_P_000001346",94,12960
"RAMP_P_000001347",40,12960
"RAMP_P_000001348",90,12960
"RAMP_P_000001349",10,12960
"RAMP_P_000001350",14,12960
"RAMP_P_000001351",16,12960
"RAMP_P_000001352",14,12960
"RAMP_P_000001353",10,12960
"RAMP_P_000001354",67,12960
"RAMP_P_000001355",99,12960
"RAMP_P_000001356",64,12960
"RAMP_P_000001357",14,12960
"RAMP_P_000001358",100,12960
"RAMP_P_000001359",2,12960
"RAMP_P_000001360",33,12960
"RAMP_P_000001361",28,12960
"RAMP_P_000001362",6,12960
"RAMP_P_000001363",0,12960
"RAMP_P_000001364",201,12960
"RAMP_P_000001365",14,12960
"RAMP_P_000001366",0,12960
"RAMP_P_000001367",17,12960
"RAMP_P_000001368",4,12960
"RAMP_P_000001369",2,12960
"RAMP_P_000001370",253,12960
"RAMP_P_000001371",32,12960
"RAMP_P_000001372",28,12960
"RAMP_P_000001373",27,12960
"RAMP_P_000001374",0,12960
"RAMP_P_000001375",11,12960
"RAMP_P_000001376",14,12960
"RAMP_P_000001377",14,12960
"RAMP_P_000001378",25,12960
"RAMP_P_000001379",71,12960
"RAMP_P_000001380",2,12960
"RAMP_P_000001381",33,12960
"RAMP_P_000001382",75,12960
"RAMP_P_000001383",75,12960
"RAMP_P_000001384",22,12960
"RAMP_P_000001385",5,12960
"RAMP_P_000001386",157,12960
"RAMP_P_000001387",26,12960
"RAMP_P_000001388",0,12960
"RAMP_P_000001389",3,12960
"RAMP_P_000001390",123,12960
"RAMP_P_000001391",9,12960
"RAMP_P_000001392",6,12960
"RAMP_P_000001393",12,12960
"RAMP_P_000001394",2,12960
"RAMP_P_000001395",24,12960
"RAMP_P_000001396",47,12960
"RAMP_P_000001397",6,12960
"RAMP_P_000001398",3,12960
"RAMP_P_000001399",32,12960
"RAMP_P_000001400",8,12960
"RAMP_P_000001401",21,12960
"RAMP_P_000001402",3,12960
"RAMP_P_000001403",17,12960
"RAMP_P_000001404",32,12960
"RAMP_P_000001405",85,12960
"RAMP_P_000001406",20,12960
"RAMP_P_000001407",0,12960
"RAMP_P_000001408",479,12960
"RAMP_P_000001409",9,12960
"RAMP_P_000001410",198,12960
"RAMP_P_000001411",0,12960
"RAMP_P_000001412",53,12960
"RAMP_P_000001413",1,12960
"RAMP_P_000001414",6,12960
"RAMP_P_000001415",3,12960
"RAMP_P_000001416",68,12960
"RAMP_P_000001417",3,12960
"RAMP_P_000001418",0,12960
"RAMP_P_000001419",12,12960
"RAMP_P_000001420",1352,12960
"RAMP_P_000001421",2657,12960
"RAMP_P_000001422",9,12960
"RAMP_P_000001423",7,12960
"RAMP_P_000001424",9,12960
"RAMP_P_000001425",19,12960
"RAMP_P_000001426",9,12960
"RAMP_P_000001427",24,12960
"RAMP_P_000001428",14,12960
"RAMP_P_000001429",12,12960
"RAMP_P_000001430",0,12960
"RAMP_P_000001431",72,12960
"RAMP_P_000001432",4,12960
"RAMP_P_000001433",4,12960
"RAMP_P_000001434",11,12960
"RAMP_P_000001435",60,12960
"RAMP_P_000001436",61,12960
"RAMP_P_000001437",4,12960
"RAMP_P_000001438",96,12960
"RAMP_P_000001439",0,12960
"RAMP_P_000001440",2,12960
"RAMP_P_000001441",6,12960
"RAMP_P_000001442",20,12960
"RAMP_P_000001443",107,12960
"RAMP_P_000001444",6,12960
"RAMP_P_000001445",0,12960
"RAMP_P_000001446",8,12960
"RAMP_P_000001447",60,12960
"RAMP_P_000001448",32,12960
"RAMP_P_000001449",11,12960
"RAMP_P_000001450",35,12960
"RAMP_P_000001451",0,12960
"RAMP_P_000001452",0,12960
"RAMP_P_000001453",10,12960
"RAMP_P_000001454",1215,12960
"RAMP_P_000001455",13,12960
"RAMP_P_000001456",13,12960
"RAMP_P_000001457",204,12960
"RAMP_P_000001458",0,12960
"RAMP_P_000001459",46,12960
"RAMP_P_000001460",13,12960
"RAMP_P_000001461",56,12960
"RAMP_P_000001462",0,12960
"RAMP_P_000001463",7,12960
"RAMP_P_000001464",22,12960
"RAMP_P_000001465",167,12960
"RAMP_P_000001466",245,12960
"RAMP_P_000001467",29,12960
"RAMP_P_000001468",15,12960
"RAMP_P_000001469",38,12960
"RAMP_P_000001470",21,12960
"RAMP_P_000001471",15,12960
"RAMP_P_000001472",61,12960
"RAMP_P_000001473",59,12960
"RAMP_P_000001474",24,12960
"RAMP_P_000001475",51,12960
"RAMP_P_000001476",12,12960
"RAMP_P_000001477",19,12960
"RAMP_P_000001478",3,12960
"RAMP_P_000001479",7,12960
"RAMP_P_000001480",9,12960
"RAMP_P_000001481",23,12960
"RAMP_P_000001482",27,12960
"RAMP_P_000001483",14,12960
"RAMP_P_000001484",0,12960
"RAMP_P_000001485",20,12960
"RAMP_P_000001486",9,12960
"RAMP_P_000001487",5,12960
"RAMP_P_000001488",88,12960
"RAMP_P_000001489",124,12960
"RAMP_P_000001490",33,12960
"RAMP_P_000001491",23,12960
"RAMP_P_000001492",18,12960
"RAMP_P_000001493",69,12960
"RAMP_P_000001494",9,12960
"RAMP_P_000001495",44,12960
"RAMP_P_000001496",80,12960
"RAMP_P_000001497",12,12960
"RAMP_P_000001498",23,12960
"RAMP_P_000001499",40,12960
"RAMP_P_000001500",35,12960
"RAMP_P_000001501",52,12960
"RAMP_P_000001502",24,12960
"RAMP_P_000001503",2,12960
"RAMP_P_000001504",28,12960
"RAMP_P_000001505",5,12960
"RAMP_P_000001506",0,12960
"RAMP_P_000001507",11,12960
"RAMP_P_000001508",3,12960
"RAMP_P_000001509",14,12960
"RAMP_P_000001510",297,12960
"RAMP_P_000001511",17,12960
"RAMP_P_000001512",48,12960
"RAMP_P_000001513",6,12960
"RAMP_P_000001514",60,12960
"RAMP_P_000001515",0,12960
"RAMP_P_000001516",42,12960
"RAMP_P_000001517",1,12960
"RAMP_P_000001518",1,12960
"RAMP_P_000001519",36,12960
"RAMP_P_000001520",3,12960
"RAMP_P_000001521",2,12960
"RAMP_P_000001522",6,12960
"RAMP_P_000001523",7,12960
"RAMP_P_000001524",55,12960
"RAMP_P_000001525",31,12960
"RAMP_P_000001526",6,12960
"RAMP_P_000001527",9,12960
"RAMP_P_000001528",4,12960
"RAMP_P_000001529",26,12960
"RAMP_P_000001530",92,12960
"RAMP_P_000001531",31,12960
"RAMP_P_000001532",261,12960
"RAMP_P_000001533",7,12960
"RAMP_P_000001534",24,12960
"RAMP_P_000001535",13,12960
"RAMP_P_000001536",0,12960
"RAMP_P_000001537",6,12960
"RAMP_P_000001538",8,12960
"RAMP_P_000001539",23,12960
"RAMP_P_000001540",47,12960
"RAMP_P_000001541",51,12960
"RAMP_P_000001542",19,12960
"RAMP_P_000001543",424,12960
"RAMP_P_000001544",6,12960
"RAMP_P_000001545",10,12960
"RAMP_P_000001546",0,12960
"RAMP_P_000001547",1,12960
"RAMP_P_000001548",10,12960
"RAMP_P_000001549",5,12960
"RAMP_P_000001550",26,12960
"RAMP_P_000001551",4,12960
"RAMP_P_000001552",15,12960
"RAMP_P_000001553",30,12960
"RAMP_P_000001554",21,12960
"RAMP_P_000001555",89,12960
"RAMP_P_000001556",95,12960
"RAMP_P_000001557",18,12960
"RAMP_P_000001558",31,12960
"RAMP_P_000001559",33,12960
"RAMP_P_000001560",76,12960
"RAMP_P_000001561",18,12960
"RAMP_P_000001562",6,12960
"RAMP_P_000001563",11,12960
"RAMP_P_000001564",39,12960
"RAMP_P_000001565",13,12960
"RAMP_P_000001566",44,12960
"RAMP_P_000001567",111,12960
"RAMP_P_000001568",8,12960
"RAMP_P_000001569",66,12960
"RAMP_P_000001570",33,12960
"RAMP_P_000001571",185,12960
"RAMP_P_000001572",1,12960
"RAMP_P_000001573",5,12960
"RAMP_P_000001574",207,12960
"RAMP_P_000001575",10,12960
"RAMP_P_000001576",30,12960
"RAMP_P_000001577",126,12960
"RAMP_P_000001578",53,12960
"RAMP_P_000001579",193,12960
"RAMP_P_000001580",11,12960
"RAMP_P_000001581",8,12960
"RAMP_P_000001582",44,12960
"RAMP_P_000001583",9,12960
"RAMP_P_000001584",11,12960
"RAMP_P_000001585",92,12960
"RAMP_P_000001586",55,12960
"RAMP_P_000001587",1,12960
"RAMP_P_000001588",10,12960
"RAMP_P_000001589",3,12960
"RAMP_P_000001590",14,12960
"RAMP_P_000001591",0,12960
"RAMP_P_000001592",24,12960
"RAMP_P_000001593",60,12960
"RAMP_P_000001594",8,12960
"RAMP_P_000001595",0,12960
"RAMP_P_000001596",10,12960
"RAMP_P_000001597",27,12960
"RAMP_P_000001598",34,12960
"RAMP_P_000001599",4,12960
"RAMP_P_000001600",5,12960
"RAMP_P_000001601",11,12960
"RAMP_P_000001602",78,12960
"RAMP_P_000001603",38,12960
"RAMP_P_000001604",14,12960
"RAMP_P_000001605",16,12960
"RAMP_P_000001606",26,12960
"RAMP_P_000001607",281,12960
"RAMP_P_000001608",9,12960
"RAMP_P_000001609",43,12960
"RAMP_P_000001610",429,12960
"RAMP_P_000001611",2,12960
"RAMP_P_000001612",4,12960
"RAMP_P_000001613",37,12960
"RAMP_P_000001614",10,12960
"RAMP_P_000001615",2,12960
"RAMP_P_000001616",8,12960
"RAMP_P_000001617",0,12960
"RAMP_P_000001618",75,12960
"RAMP_P_000001619",0,12960
"RAMP_P_000001620",25,12960
"RAMP_P_000001621",32,12960
"RAMP_P_000001622",14,12960
"RAMP_P_000001623",7,12960
"RAMP_P_000001624",7,12960
"RAMP_P_000001625",6,12960
"RAMP_P_000001626",33,12960
"RAMP_P_000001627",94,12960
"RAMP_P_000001628",2,12960
"RAMP_P_000001629",0,12960
"RAMP_P_000001630",4,12960
"RAMP_P_000001631",6,12960
"RAMP_P_000001632",14,12960
"RAMP_P_000001633",17,12960
"RAMP_P_000001634",95,12960
"RAMP_P_000001635",21,12960
"RAMP_P_000001636",108,12960
"RAMP_P_000001637",309,12960
"RAMP_P_000001638",51,12960
"RAMP_P_000001639",7,12960
"RAMP_P_000001640",10,12960
"RAMP_P_000001641",4,12960
"RAMP_P_000001642",52,12960
"RAMP_P_000001643",7,12960
"RAMP_P_000001644",0,12960
"RAMP_P_000001645",5,12960
"RAMP_P_000001646",12,12960
"RAMP_P_000001647",0,12960
"RAMP_P_000001648",22,12960
"RAMP_P_000001649",8,12960
"RAMP_P_000001650",35,12960
"RAMP_P_000001651",65,12960
"RAMP_P_000001652",5,12960
"RAMP_P_000001653",196,12960
"RAMP_P_000001654",22,12960
"RAMP_P_000001655",8,12960
"RAMP_P_000001656",33,12960
"RAMP_P_000001657",8,12960
"RAMP_P_000001658",0,12960
"RAMP_P_000001659",6,12960
"RAMP_P_000001660",459,12960
"RAMP_P_000001661",48,12960
"RAMP_P_000001662",80,12960
"RAMP_P_000001663",2,12960
"RAMP_P_000001664",9,12960
"RAMP_P_000001665",0,12960
"RAMP_P_000001666",18,12960
"RAMP_P_000001667",96,12960
"RAMP_P_000001668",15,12960
"RAMP_P_000001669",12,12960
"RAMP_P_000001670",37,12960
"RAMP_P_000001671",3,12960
"RAMP_P_000001672",37,12960
"RAMP_P_000001673",17,12960
"RAMP_P_000001674",16,12960
"RAMP_P_000001675",20,12960
"RAMP_P_000001676",8,12960
"RAMP_P_000001677",17,12960
"RAMP_P_000001678",1,12960
"RAMP_P_000001679",70,12960
"RAMP_P_000001680",1,12960
"RAMP_P_000001681",11,12960
"RAMP_P_000001682",27,12960
"RAMP_P_000001683",0,12960
"RAMP_P_000001684",7,12960
"RAMP_P_000001685",279,12960
"RAMP_P_000001686",0,12960
"RAMP_P_000001687",72,12960
"RAMP_P_000001688",274,12960
"RAMP_P_000001689",10,12960
"RAMP_P_000001690",11,12960
"RAMP_P_000001691",10,12960
"RAMP_P_000001692",439,12960
"RAMP_P_000001693",5,12960
"RAMP_P_000001694",18,12960
"RAMP_P_000001695",3,12960
"RAMP_P_000001696",154,12960
"RAMP_P_000001697",60,12960
"RAMP_P_000001698",48,12960
"RAMP_P_000001699",30,12960
"RAMP_P_000001700",17,12960
"RAMP_P_000001701",43,12960
"RAMP_P_000001702",46,12960
"RAMP_P_000001703",107,12960
"RAMP_P_000001704",11,12960
"RAMP_P_000001705",82,12960
"RAMP_P_000001706",14,12960
"RAMP_P_000001707",216,12960
"RAMP_P_000001708",4,12960
"RAMP_P_000001709",86,12960
"RAMP_P_000001710",34,12960
"RAMP_P_000001711",0,12960
"RAMP_P_000001712",5,12960
"RAMP_P_000001713",79,12960
"RAMP_P_000001714",95,12960
"RAMP_P_000001715",82,12960
"RAMP_P_000001716",14,12960
"RAMP_P_000001717",0,12960
"RAMP_P_000001718",10,12960
"RAMP_P_000001719",42,12960
"RAMP_P_000001720",13,12960
"RAMP_P_000001721",28,12960
"RAMP_P_000001722",93,12960
"RAMP_P_000001723",17,12960
"RAMP_P_000001724",80,12960
"RAMP_P_000001725",24,12960
"RAMP_P_000001726",4,12960
"RAMP_P_000001727",21,12960
"RAMP_P_000001728",5,12960
"RAMP_P_000001729",72,12960
"RAMP_P_000001730",8,12960
"RAMP_P_000001731",48,12960
"RAMP_P_000001732",80,12960
"RAMP_P_000001733",9,12960
"RAMP_P_000001734",0,12960
"RAMP_P_000001735",88,12960
"RAMP_P_000001736",35,12960
"RAMP_P_000001737",304,12960
"RAMP_P_000001738",5,12960
"RAMP_P_000001739",8,12960
"RAMP_P_000001740",15,12960
"RAMP_P_000001741",191,12960
"RAMP_P_000001742",163,12960
"RAMP_P_000001743",0,12960
"RAMP_P_000001744",56,12960
"RAMP_P_000001745",85,12960
"RAMP_P_000001746",25,12960
"RAMP_P_000001747",3,12960
"RAMP_P_000001748",3,12960
"RAMP_P_000001749",60,12960
"RAMP_P_000001750",21,12960
"RAMP_P_000001751",101,12960
"RAMP_P_000001752",53,12960
"RAMP_P_000001753",2010,12960
"RAMP_P_000001754",13,12960
"RAMP_P_000001755",4,12960
"RAMP_P_000001756",1,12960
"RAMP_P_000001757",34,12960
"RAMP_P_000001758",79,12960
"RAMP_P_000001759",2,12960
"RAMP_P_000001760",31,12960
"RAMP_P_000001761",45,12960
"RAMP_P_000001762",66,12960
"RAMP_P_000001763",18,12960
"RAMP_P_000001764",6,12960
"RAMP_P_000001765",9,12960
"RAMP_P_000001766",591,12960
"RAMP_P_000001767",14,12960
"RAMP_P_000001768",205,12960
"RAMP_P_000001769",0,12960
"RAMP_P_000001770",10,12960
"RAMP_P_000001771",8,12960
"RAMP_P_000001772",4,12960
"RAMP_P_000001773",7,12960
"RAMP_P_000001774",35,12960
"RAMP_P_000001775",6,12960
"RAMP_P_000001776",85,12960
"RAMP_P_000001777",6,12960
"RAMP_P_000001778",13,12960
"RAMP_P_000001779",60,12960
"RAMP_P_000001780",26,12960
"RAMP_P_000001781",53,12960
"RAMP_P_000001782",10,12960
"RAMP_P_000001783",0,12960
"RAMP_P_000001784",12,12960
"RAMP_P_000001785",59,12960
"RAMP_P_000001786",56,12960
"RAMP_P_000001787",0,12960
"RAMP_P_000001788",47,12960
"RAMP_P_000001789",11,12960
"RAMP_P_000001790",6,12960
"RAMP_P_000001791",78,12960
"RAMP_P_000001792",148,12960
"RAMP_P_000001793",512,12960
"RAMP_P_000001794",144,12960
"RAMP_P_000001795",14,12960
"RAMP_P_000001796",28,12960
"RAMP_P_000001797",15,12960
"RAMP_P_000001798",3,12960
"RAMP_P_000001799",60,12960
"RAMP_P_000001800",19,12960
"RAMP_P_000001801",10,12960
"RAMP_P_000001802",59,12960
"RAMP_P_000001803",109,12960
"RAMP_P_000001804",2,12960
"RAMP_P_000001805",2,12960
"RAMP_P_000001806",53,12960
"RAMP_P_000001807",66,12960
"RAMP_P_000001808",19,12960
"RAMP_P_000001809",20,12960
"RAMP_P_000001810",5,12960
"RAMP_P_000001811",33,12960
"RAMP_P_000001812",17,12960
"RAMP_P_000001813",2,12960
"RAMP_P_000001814",23,12960
"RAMP_P_000001815",5,12960
"RAMP_P_000001816",189,12960
"RAMP_P_000001817",22,12960
"RAMP_P_000001818",0,12960
"RAMP_P_000001819",3,12960
"RAMP_P_000001820",22,12960
"RAMP_P_000001821",14,12960
"RAMP_P_000001822",5,12960
"RAMP_P_000001823",26,12960
"RAMP_P_000001824",18,12960
"RAMP_P_000001825",95,12960
"RAMP_P_000001826",6,12960
"RAMP_P_000001827",10,12960
"RAMP_P_000001828",6,12960
"RAMP_P_000001829",0,12960
"RAMP_P_000001830",5,12960
"RAMP_P_000001831",13,12960
"RAMP_P_000001832",2,12960
"RAMP_P_000001833",5,12960
"RAMP_P_000001834",99,12960
"RAMP_P_000001835",37,12960
"RAMP_P_000001836",16,12960
"RAMP_P_000001837",1,12960
"RAMP_P_000001838",4,12960
"RAMP_P_000001839",2,12960
"RAMP_P_000001840",6,12960
"RAMP_P_000001841",46,12960
"RAMP_P_000001842",6,12960
"RAMP_P_000001843",66,12960
"RAMP_P_000001844",0,12960
"RAMP_P_000001845",42,12960
"RAMP_P_000001846",19,12960
"RAMP_P_000001847",45,12960
"RAMP_P_000001848",29,12960
"RAMP_P_000001849",22,12960
"RAMP_P_000001850",11,12960
"RAMP_P_000001851",9,12960
"RAMP_P_000001852",44,12960
"RAMP_P_000001853",15,12960
"RAMP_P_000001854",763,12960
"RAMP_P_000001855",78,12960
"RAMP_P_000001856",25,12960
"RAMP_P_000001857",86,12960
"RAMP_P_000001858",1,12960
"RAMP_P_000001859",149,12960
"RAMP_P_000001860",55,12960
"RAMP_P_000001861",7,12960
"RAMP_P_000001862",12,12960
"RAMP_P_000001863",11,12960
"RAMP_P_000001864",3,12960
"RAMP_P_000001865",19,12960
"RAMP_P_000001866",301,12960
"RAMP_P_000001867",4,12960
"RAMP_P_000001868",133,12960
"RAMP_P_000001869",2,12960
"RAMP_P_000001870",9,12960
"RAMP_P_000001871",38,12960
"RAMP_P_000001872",101,12960
"RAMP_P_000001873",9,12960
"RAMP_P_000001874",309,12960
"RAMP_P_000001875",19,12960
"RAMP_P_000001876",21,12960
"RAMP_P_000001877",12,12960
"RAMP_P_000001878",92,12960
"RAMP_P_000001879",19,12960
"RAMP_P_000001880",11,12960
"RAMP_P_000001881",2423,12960
"RAMP_P_000001882",38,12960
"RAMP_P_000001883",7,12960
"RAMP_P_000001884",4,12960
"RAMP_P_000001885",140,12960
"RAMP_P_000001886",41,12960
"RAMP_P_000001887",65,12960
"RAMP_P_000001888",17,12960
"RAMP_P_000001889",44,12960
"RAMP_P_000001890",4,12960
"RAMP_P_000001891",18,12960
"RAMP_P_000001892",0,12960
"RAMP_P_000001893",68,12960
"RAMP_P_000001894",110,12960
"RAMP_P_000001895",213,12960
"RAMP_P_000001896",0,12960
"RAMP_P_000001897",38,12960
"RAMP_P_000001898",0,12960
"RAMP_P_000001899",2,12960
"RAMP_P_000001900",73,12960
"RAMP_P_000001901",7,12960
"RAMP_P_000001902",148,12960
"RAMP_P_000001903",25,12960
"RAMP_P_000001904",94,12960
"RAMP_P_000001905",23,12960
"RAMP_P_000001906",38,12960
"RAMP_P_000001907",14,12960
"RAMP_P_000001908",5,12960
"RAMP_P_000001909",0,12960
"RAMP_P_000001910",7,12960
"RAMP_P_000001911",35,12960
"RAMP_P_000001912",0,12960
"RAMP_P_000001913",14,12960
"RAMP_P_000001914",16,12960
"RAMP_P_000001915",15,12960
"RAMP_P_000001916",8,12960
"RAMP_P_000001917",451,12960
"RAMP_P_000001918",33,12960
"RAMP_P_000001919",365,12960
"RAMP_P_000001920",34,12960
"RAMP_P_000001921",253,12960
"RAMP_P_000001922",46,12960
"RAMP_P_000001923",26,12960
"RAMP_P_000001924",60,12960
"RAMP_P_000001925",14,12960
"RAMP_P_000001926",59,12960
"RAMP_P_000001927",17,12960
"RAMP_P_000001928",45,12960
"RAMP_P_000001929",2,12960
"RAMP_P_000001930",241,12960
"RAMP_P_000001931",55,12960
"RAMP_P_000001932",16,12960
"RAMP_P_000001933",58,12960
"RAMP_P_000001934",3,12960
"RAMP_P_000001935",59,12960
"RAMP_P_000001936",60,12960
"RAMP_P_000001937",28,12960
"RAMP_P_000001938",78,12960
"RAMP_P_000001939",468,12960
"RAMP_P_000001940",29,12960
"RAMP_P_000001941",26,12960
"RAMP_P_000001942",15,12960
"RAMP_P_000001943",25,12960
"RAMP_P_000001944",26,12960
"RAMP_P_000001945",40,12960
"RAMP_P_000001946",3,12960
"RAMP_P_000001947",7,12960
"RAMP_P_000001948",23,12960
"RAMP_P_000001949",10,12960
"RAMP_P_000001950",27,12960
"RAMP_P_000001951",257,12960
"RAMP_P_000001952",9,12960
"RAMP_P_000001953",1375,12960
"RAMP_P_000001954",116,12960
"RAMP_P_000001955",4,12960
"RAMP_P_000001956",31,12960
"RAMP_P_000001957",18,12960
"RAMP_P_000001958",10,12960
"RAMP_P_000001959",71,12960
"RAMP_P_000001960",40,12960
"RAMP_P_000001961",5,12960
"RAMP_P_000001962",151,12960
"RAMP_P_000001963",54,12960
"RAMP_P_000001964",32,12960
"RAMP_P_000001965",52,12960
"RAMP_P_000001966",122,12960
"RAMP_P_000001967",2,12960
"RAMP_P_000001968",25,12960
"RAMP_P_000001969",61,12960
"RAMP_P_000001970",33,12960
"RAMP_P_000001971",157,12960
"RAMP_P_000001972",0,12960
"RAMP_P_000001973",5,12960
"RAMP_P_000001974",5,12960
"RAMP_P_000001975",3,12960
"RAMP_P_000001976",25,12960
"RAMP_P_000001977",261,12960
"RAMP_P_000001978",19,12960
"RAMP_P_000001979",28,12960
"RAMP_P_000001980",0,12960
"RAMP_P_000001981",16,12960
"RAMP_P_000001982",101,12960
"RAMP_P_000001983",8,12960
"RAMP_P_000001984",7,12960
"RAMP_P_000001985",5,12960
"RAMP_P_000001986",5,12960
"RAMP_P_000001987",106,12960
"RAMP_P_000001988",15,12960
"RAMP_P_000001989",111,12960
"RAMP_P_000001990",3,12960
"RAMP_P_000001991",37,12960
"RAMP_P_000001992",46,12960
"RAMP_P_000001993",12,12960
"RAMP_P_000001994",0,12960
"RAMP_P_000001995",39,12960
"RAMP_P_000001996",11,12960
"RAMP_P_000001997",82,12960
"RAMP_P_000001998",23,12960
"RAMP_P_000001999",9,12960
"RAMP_P_000002000",25,12960
"RAMP_P_000002001",30,12960
"RAMP_P_000002002",19,12960
"RAMP_P_000002003",2,12960
"RAMP_P_000002004",21,12960
"RAMP_P_000002005",95,12960
"RAMP_P_000002006",0,12960
"RAMP_P_000002007",5,12960
"RAMP_P_000002008",74,12960
"RAMP_P_000002009",33,12960
"RAMP_P_000002010",8,12960
"RAMP_P_000002011",23,12960
"RAMP_P_000002012",9,12960
"RAMP_P_000002013",20,12960
"RAMP_P_000002014",1,12960
"RAMP_P_000002015",5,12960
"RAMP_P_000002016",2,12960
"RAMP_P_000002017",10,12960
"RAMP_P_000002018",10,12960
"RAMP_P_000002019",34,12960
"RAMP_P_000002020",34,12960
"RAMP_P_000002021",39,12960
"RAMP_P_000002022",0,12960
"RAMP_P_000002023",75,12960
"RAMP_P_000002024",26,12960
"RAMP_P_000002025",12,12960
"RAMP_P_000002026",32,12960
"RAMP_P_000002027",3,12960
"RAMP_P_000002028",7,12960
"RAMP_P_000002029",29,12960
"RAMP_P_000002030",10,12960
"RAMP_P_000002031",11,12960
"RAMP_P_000002032",316,12960
"RAMP_P_000002033",4,12960
"RAMP_P_000002034",7,12960
"RAMP_P_000002035",88,12960
"RAMP_P_000002036",3,12960
"RAMP_P_000002037",294,12960
"RAMP_P_000002038",29,12960
"RAMP_P_000002039",6,12960
"RAMP_P_000002040",0,12960
"RAMP_P_000002041",16,12960
"RAMP_P_000002042",11,12960
"RAMP_P_000002043",19,12960
"RAMP_P_000002044",46,12960
"RAMP_P_000002045",14,12960
"RAMP_P_000002046",15,12960
"RAMP_P_000002047",4,12960
"RAMP_P_000002048",9,12960
"RAMP_P_000002049",37,12960
"RAMP_P_000002050",2,12960
"RAMP_P_000002051",30,12960
"RAMP_P_000002052",6,12960
"RAMP_P_000002053",20,12960
"RAMP_P_000002054",2,12960
"RAMP_P_000002055",6,12960
"RAMP_P_000002056",3,12960
"RAMP_P_000002057",134,12960
"RAMP_P_000002058",171,12960
"RAMP_P_000002059",74,12960
"RAMP_P_000002060",14,12960
"RAMP_P_000002061",78,12960
"RAMP_P_000002062",8,12960
"RAMP_P_000002063",18,12960
"RAMP_P_000002064",3,12960
"RAMP_P_000002065",94,12960
"RAMP_P_000002066",22,12960
"RAMP_P_000002067",107,12960
"RAMP_P_000002068",6,12960
"RAMP_P_000002069",31,12960
"RAMP_P_000002070",0,12960
"RAMP_P_000002071",40,12960
"RAMP_P_000002072",23,12960
"RAMP_P_000002073",14,12960
"RAMP_P_000002074",2,12960
"RAMP_P_000002075",8,12960
"RAMP_P_000002076",5,12960
"RAMP_P_000002077",3,12960
"RAMP_P_000002078",10,12960
"RAMP_P_000002079",9,12960
"RAMP_P_000002080",32,12960
"RAMP_P_000002081",7,12960
"RAMP_P_000002082",50,12960
"RAMP_P_000002083",12,12960
"RAMP_P_000002084",21,12960
"RAMP_P_000002085",86,12960
"RAMP_P_000002086",8,12960
"RAMP_P_000002087",0,12960
"RAMP_P_000002088",0,12960
"RAMP_P_000002089",2,12960
"RAMP_P_000002090",128,12960
"RAMP_P_000002091",992,12960
"RAMP_P_000002092",11,12960
"RAMP_P_000002093",5,12960
"RAMP_P_000002094",6,12960
"RAMP_P_000002095",4,12960
"RAMP_P_000002096",13,12960
"RAMP_P_000002097",30,12960
"RAMP_P_000002098",51,12960
"RAMP_P_000002099",37,12960
"RAMP_P_000002100",7,12960
"RAMP_P_000002101",19,12960
"RAMP_P_000002102",32,12960
"RAMP_P_000002103",158,12960
"RAMP_P_000002104",26,12960
"RAMP_P_000002105",15,12960
"RAMP_P_000002106",5,12960
"RAMP_P_000002107",7,12960
"RAMP_P_000002108",0,12960
"RAMP_P_000002109",0,12960
"RAMP_P_000002110",3,12960
"RAMP_P_000002111",18,12960
"RAMP_P_000002112",3,12960
"RAMP_P_000002113",12,12960
"RAMP_P_000002114",330,12960
"RAMP_P_000002115",272,12960
"RAMP_P_000002116",11,12960
"RAMP_P_000002117",11,12960
"RAMP_P_000002118",0,12960
"RAMP_P_000002119",17,12960
"RAMP_P_000002120",16,12960
"RAMP_P_000002121",175,12960
"RAMP_P_000002122",93,12960
"RAMP_P_000002123",12,12960
"RAMP_P_000002124",0,12960
"RAMP_P_000002125",0,12960
"RAMP_P_000002126",118,12960
"RAMP_P_000002127",24,12960
"RAMP_P_000002128",14,12960
"RAMP_P_000002129",2,12960
"RAMP_P_000002130",5,12960
"RAMP_P_000002131",9,12960
"RAMP_P_000002132",12,12960
"RAMP_P_000002133",31,12960
"RAMP_P_000002134",101,12960
"RAMP_P_000002135",8,12960
"RAMP_P_000002136",74,12960
"RAMP_P_000002137",39,12960
"RAMP_P_000002138",8,12960
"RAMP_P_000002139",24,12960
"RAMP_P_000002140",0,12960
"RAMP_P_000002141",73,12960
"RAMP_P_000002142",10,12960
"RAMP_P_000002143",0,12960
"RAMP_P_000002144",1,12960
"RAMP_P_000002145",8,12960
"RAMP_P_000002146",15,12960
"RAMP_P_000002147",6,12960
"RAMP_P_000002148",7,12960
"RAMP_P_000002149",6,12960
"RAMP_P_000002150",6,12960
"RAMP_P_000002151",45,12960
"RAMP_P_000002152",0,12960
"RAMP_P_000002153",2,12960
"RAMP_P_000002154",35,12960
"RAMP_P_000002155",140,12960
"RAMP_P_000002156",7,12960
"RAMP_P_000002157",14,12960
"RAMP_P_000002158",243,12960
"RAMP_P_000002159",120,12960
"RAMP_P_000002160",5,12960
"RAMP_P_000002161",0,12960
"RAMP_P_000002162",193,12960
"RAMP_P_000002163",0,12960
"RAMP_P_000002164",0,12960
"RAMP_P_000002165",3,12960
"RAMP_P_000002166",34,12960
"RAMP_P_000002167",0,12960
"RAMP_P_000002168",15,12960
"RAMP_P_000002169",5,12960
"RAMP_P_000002170",8,12960
"RAMP_P_000002171",2,12960
"RAMP_P_000002172",3,12960
"RAMP_P_000002173",31,12960
"RAMP_P_000002174",44,12960
"RAMP_P_000002175",9,12960
"RAMP_P_000002176",51,12960
"RAMP_P_000002177",0,12960
"RAMP_P_000002178",0,12960
"RAMP_P_000002179",41,12960
"RAMP_P_000002180",24,12960
"RAMP_P_000002181",66,12960
"RAMP_P_000002182",78,12960
"RAMP_P_000002183",68,12960
"RAMP_P_000002184",60,12960
"RAMP_P_000002185",1017,12960
"RAMP_P_000002186",26,12960
"RAMP_P_000002187",13,12960
"RAMP_P_000002188",129,12960
"RAMP_P_000002189",65,12960
"RAMP_P_000002190",24,12960
"RAMP_P_000002191",5,12960
"RAMP_P_000002192",4,12960
"RAMP_P_000002193",2,12960
"RAMP_P_000002194",14,12960
"RAMP_P_000002195",12,12960
"RAMP_P_000002196",29,12960
"RAMP_P_000002197",475,12960
"RAMP_P_000002198",63,12960
"RAMP_P_000002199",4,12960
"RAMP_P_000002200",13,12960
"RAMP_P_000002201",0,12960
"RAMP_P_000002202",4,12960
"RAMP_P_000002203",3,12960
"RAMP_P_000002204",15,12960
"RAMP_P_000002205",4,12960
"RAMP_P_000002206",0,12960
"RAMP_P_000002207",0,12960
"RAMP_P_000002208",94,12960
"RAMP_P_000002209",85,12960
"RAMP_P_000002210",16,12960
"RAMP_P_000002211",47,12960
"RAMP_P_000002212",0,12960
"RAMP_P_000002213",5,12960
"RAMP_P_000002214",54,12960
"RAMP_P_000002215",35,12960
"RAMP_P_000002216",17,12960
"RAMP_P_000002217",116,12960
"RAMP_P_000002218",8,12960
"RAMP_P_000002219",42,12960
"RAMP_P_000002220",23,12960
"RAMP_P_000002221",15,12960
"RAMP_P_000002222",64,12960
"RAMP_P_000002223",7,12960
"RAMP_P_000002224",75,12960
"RAMP_P_000002225",12,12960
"RAMP_P_000002226",14,12960
"RAMP_P_000002227",0,12960
"RAMP_P_000002228",7,12960
"RAMP_P_000002229",0,12960
"RAMP_P_000002230",12,12960
"RAMP_P_000002231",78,12960
"RAMP_P_000002232",5,12960
"RAMP_P_000002233",11,12960
"RAMP_P_000002234",31,12960
"RAMP_P_000002235",55,12960
"RAMP_P_000002236",87,12960
"RAMP_P_000002237",11,12960
"RAMP_P_000002238",19,12960
"RAMP_P_000002239",22,12960
"RAMP_P_000002240",11,12960
"RAMP_P_000002241",6,12960
"RAMP_P_000002242",30,12960
"RAMP_P_000002243",3,12960
"RAMP_P_000002244",0,12960
"RAMP_P_000002245",3,12960
"RAMP_P_000002246",15,12960
"RAMP_P_000002247",75,12960
"RAMP_P_000002248",210,12960
"RAMP_P_000002249",59,12960
"RAMP_P_000002250",0,12960
"RAMP_P_000002251",42,12960
"RAMP_P_000002252",274,12960
"RAMP_P_000002253",10,12960
"RAMP_P_000002254",0,12960
"RAMP_P_000002255",3,12960
"RAMP_P_000002256",18,12960
"RAMP_P_000002257",87,12960
"RAMP_P_000002258",0,12960
"RAMP_P_000002259",11,12960
"RAMP_P_000002260",84,12960
"RAMP_P_000002261",4,12960
"RAMP_P_000002262",4,12960
"RAMP_P_000002263",19,12960
"RAMP_P_000002264",0,12960
"RAMP_P_000002265",7,12960
"RAMP_P_000002266",37,12960
"RAMP_P_000002267",0,12960
"RAMP_P_000002268",253,12960
"RAMP_P_000002269",21,12960
"RAMP_P_000002270",4,12960
"RAMP_P_000002271",0,12960
"RAMP_P_000002272",8,12960
"RAMP_P_000002273",16,12960
"RAMP_P_000002274",23,12960
"RAMP_P_000002275",32,12960
"RAMP_P_000002276",15,12960
"RAMP_P_000002277",5,12960
"RAMP_P_000002278",130,12960
"RAMP_P_000002279",2,12960
"RAMP_P_000002280",169,12960
"RAMP_P_000002281",21,12960
"RAMP_P_000002282",948,12960
"RAMP_P_000002283",21,12960
"RAMP_P_000002284",19,12960
"RAMP_P_000002285",15,12960
"RAMP_P_000002286",3,12960
"RAMP_P_000002287",106,12960
"RAMP_P_000002288",115,12960
"RAMP_P_000002289",8,12960
"RAMP_P_000002290",1,12960
"RAMP_P_000002291",0,12960
"RAMP_P_000002292",13,12960
"RAMP_P_000002293",6,12960
"RAMP_P_000002294",4,12960
"RAMP_P_000002295",86,12960
"RAMP_P_000002296",9,12960
"RAMP_P_000002297",2,12960
"RAMP_P_000002298",9,12960
"RAMP_P_000002299",1361,12960
"RAMP_P_000002300",55,12960
"RAMP_P_000002301",6,12960
"RAMP_P_000002302",129,12960
"RAMP_P_000002303",19,12960
"RAMP_P_000002304",60,12960
"RAMP_P_000002305",12,12960
"RAMP_P_000002306",38,12960
"RAMP_P_000002307",52,12960
"RAMP_P_000002308",16,12960
"RAMP_P_000002309",7,12960
"RAMP_P_000002310",13,12960
"RAMP_P_000002311",95,12960
"RAMP_P_000002312",5,12960
"RAMP_P_000002313",39,12960
"RAMP_P_000002314",22,12960
"RAMP_P_000002315",17,12960
"RAMP_P_000002316",752,12960
"RAMP_P_000002317",64,12960
"RAMP_P_000002318",60,12960
"RAMP_P_000002319",42,12960
"RAMP_P_000002320",47,12960
"RAMP_P_000002321",98,12960
"RAMP_P_000002322",199,12960
"RAMP_P_000002323",3,12960
"RAMP_P_000002324",0,12960
"RAMP_P_000002325",110,12960
"RAMP_P_000002326",1,12960
"RAMP_P_000002327",0,12960
"RAMP_P_000002328",23,12960
"RAMP_P_000002329",5,12960
"RAMP_P_000002330",618,12960
"RAMP_P_000002331",378,12960
"RAMP_P_000002332",26,12960
"RAMP_P_000002333",0,12960
"RAMP_P_000002334",380,12960
"RAMP_P_000002335",120,12960
"RAMP_P_000002336",12,12960
"RAMP_P_000002337",1,12960
"RAMP_P_000002338",12,12960
"RAMP_P_000002339",130,12960
"RAMP_P_000002340",182,12960
"RAMP_P_000002341",9,12960
"RAMP_P_000002342",3,12960
"RAMP_P_000002343",86,12960
"RAMP_P_000002344",41,12960
"RAMP_P_000002345",68,12960
"RAMP_P_000002346",2,12960
"RAMP_P_000002347",37,12960
"RAMP_P_000002348",3,12960
"RAMP_P_000002349",4,12960
"RAMP_P_000002350",10,12960
"RAMP_P_000002351",13,12960
"RAMP_P_000002352",24,12960
"RAMP_P_000002353",43,12960
"RAMP_P_000002354",3,12960
"RAMP_P_000002355",59,12960
"RAMP_P_000002356",60,12960
"RAMP_P_000002357",129,12960
"RAMP_P_000002358",8,12960
"RAMP_P_000002359",3,12960
"RAMP_P_000002360",13,12960
"RAMP_P_000002361",14,12960
"RAMP_P_000002362",9,12960
"RAMP_P_000002363",48,12960
"RAMP_P_000002364",3,12960
"RAMP_P_000002365",5,12960
"RAMP_P_000002366",11,12960
"RAMP_P_000002367",27,12960
"RAMP_P_000002368",12,12960
"RAMP_P_000002369",138,12960
"RAMP_P_000002370",14,12960
"RAMP_P_000002371",9,12960
"RAMP_P_000002372",66,12960
"RAMP_P_000002373",14,12960
"RAMP_P_000002374",93,12960
"RAMP_P_000002375",2,12960
"RAMP_P_000002376",67,12960
"RAMP_P_000002377",0,12960
"RAMP_P_000002378",21,12960
"RAMP_P_000002379",84,12960
"RAMP_P_000002380",46,12960
"RAMP_P_000002381",57,12960
"RAMP_P_000002382",4,12960
"RAMP_P_000002383",12,12960
"RAMP_P_000002384",5,12960
"RAMP_P_000002385",452,12960
"RAMP_P_000002386",0,12960
"RAMP_P_000002387",2,12960
"RAMP_P_000002388",44,12960
"RAMP_P_000002389",24,12960
"RAMP_P_000002390",10,12960
"RAMP_P_000002391",12,12960
"RAMP_P_000002392",69,12960
"RAMP_P_000002393",6,12960
"RAMP_P_000002394",27,12960
"RAMP_P_000002395",34,12960
"RAMP_P_000002396",54,12960
"RAMP_P_000002397",8,12960
"RAMP_P_000002398",4,12960
"RAMP_P_000002399",29,12960
"RAMP_P_000002400",0,12960
"RAMP_P_000002401",11,12960
"RAMP_P_000002402",0,12960
"RAMP_P_000002403",75,12960
"RAMP_P_000002404",56,12960
"RAMP_P_000002405",42,12960
"RAMP_P_000002406",0,12960
"RAMP_P_000002407",34,12960
"RAMP_P_000002408",0,12960
"RAMP_P_000002409",14,12960
"RAMP_P_000002410",291,12960
"RAMP_P_000002411",0,12960
"RAMP_P_000002412",81,12960
"RAMP_P_000002413",13,12960
"RAMP_P_000002414",6,12960
"RAMP_P_000002415",0,12960
"RAMP_P_000002416",120,12960
"RAMP_P_000002417",34,12960
"RAMP_P_000002418",32,12960
"RAMP_P_000002419",0,12960
"RAMP_P_000002420",125,12960
"RAMP_P_000002421",48,12960
"RAMP_P_000002422",0,12960
"RAMP_P_000002423",543,12960
"RAMP_P_000002424",13,12960
"RAMP_P_000002425",10,12960
"RAMP_P_000002426",14,12960
"RAMP_P_000002427",34,12960
"RAMP_P_000002428",124,12960
"RAMP_P_000002429",9,12960
"RAMP_P_000002430",128,12960
"RAMP_P_000002431",9,12960
"RAMP_P_000002432",31,12960
"RAMP_P_000002433",34,12960
"RAMP_P_000002434",47,12960
"RAMP_P_000002435",9,12960
"RAMP_P_000002436",0,12960
"RAMP_P_000002437",21,12960
"RAMP_P_000002438",5,12960
"RAMP_P_000002439",1093,12960
"RAMP_P_000002440",55,12960
"RAMP_P_000002441",3,12960
"RAMP_P_000002442",30,12960
"RAMP_P_000002443",6,12960
"RAMP_P_000002444",11,12960
"RAMP_P_000002445",139,12960
"RAMP_P_000002446",13,12960
"RAMP_P_000002447",8,12960
"RAMP_P_000002448",2,12960
"RAMP_P_000002449",32,12960
"RAMP_P_000002450",11,12960
"RAMP_P_000002451",13,12960
"RAMP_P_000002452",263,12960
"RAMP_P_000002453",10,12960
"RAMP_P_000002454",13,12960
"RAMP_P_000002455",34,12960
"RAMP_P_000002456",2,12960
"RAMP_P_000002457",0,12960
"RAMP_P_000002458",3,12960
"RAMP_P_000002459",78,12960
"RAMP_P_000002460",3,12960
"RAMP_P_000002461",10,12960
"RAMP_P_000002462",15,12960
"RAMP_P_000002463",0,12960
"RAMP_P_000002464",16,12960
"RAMP_P_000002465",7,12960
"RAMP_P_000002466",16,12960
"RAMP_P_000002467",0,12960
"RAMP_P_000002468",4,12960
"RAMP_P_000002469",0,12960
"RAMP_P_000002470",26,12960
"RAMP_P_000002471",0,12960
"RAMP_P_000002472",46,12960
"RAMP_P_000002473",102,12960
"RAMP_P_000002474",49,12960
"RAMP_P_000002475",3,12960
"RAMP_P_000002476",5,12960
"RAMP_P_000002477",124,12960
"RAMP_P_000002478",6,12960
"RAMP_P_000002479",14,12960
"RAMP_P_000002480",16,12960
"RAMP_P_000002481",415,12960
"RAMP_P_000002482",58,12960
"RAMP_P_000002483",282,12960
"RAMP_P_000002484",76,12960
"RAMP_P_000002485",50,12960
"RAMP_P_000002486",48,12960
"RAMP_P_000002487",11,12960
"RAMP_P_000002488",25,12960
"RAMP_P_000002489",3,12960
"RAMP_P_000002490",188,12960
"RAMP_P_000002491",127,12960
"RAMP_P_000002492",27,12960
"RAMP_P_000002493",32,12960
"RAMP_P_000002494",11,12960
"RAMP_P_000002495",10,12960
"RAMP_P_000002496",7,12960
"RAMP_P_000002497",19,12960
"RAMP_P_000002498",27,12960
"RAMP_P_000002499",26,12960
"RAMP_P_000002500",244,12960
"RAMP_P_000002501",2,12960
"RAMP_P_000002502",86,12960
"RAMP_P_000002503",26,12960
"RAMP_P_000002504",69,12960
"RAMP_P_000002505",56,12960
"RAMP_P_000002506",42,12960
"RAMP_P_000002507",10,12960
"RAMP_P_000002508",0,12960
"RAMP_P_000002509",15,12960
"RAMP_P_000002510",15,12960
"RAMP_P_000002511",57,12960
"RAMP_P_000002512",48,12960
"RAMP_P_000002513",40,12960
"RAMP_P_000002514",30,12960
"RAMP_P_000002515",86,12960
"RAMP_P_000002516",120,12960
"RAMP_P_000002517",53,12960
"RAMP_P_000002518",7,12960
"RAMP_P_000002519",14,12960
"RAMP_P_000002520",297,12960
"RAMP_P_000002521",5,12960
"RAMP_P_000002522",13,12960
"RAMP_P_000002523",81,12960
"RAMP_P_000002524",21,12960
"RAMP_P_000002525",27,12960
"RAMP_P_000002526",13,12960
"RAMP_P_000002527",0,12960
"RAMP_P_000002528",40,12960
"RAMP_P_000002529",10,12960
"RAMP_P_000002530",52,12960
"RAMP_P_000002531",22,12960
"RAMP_P_000002532",5,12960
"RAMP_P_000002533",10,12960
"RAMP_P_000002534",7,12960
"RAMP_P_000002535",27,12960
"RAMP_P_000002536",19,12960
"RAMP_P_000002537",4,12960
"RAMP_P_000002538",0,12960
"RAMP_P_000002539",79,12960
"RAMP_P_000002540",11,12960
"RAMP_P_000002541",1,12960
"RAMP_P_000002542",35,12960
"RAMP_P_000002543",43,12960
"RAMP_P_000002544",37,12960
"RAMP_P_000002545",22,12960
"RAMP_P_000002546",45,12960
"RAMP_P_000002547",55,12960
"RAMP_P_000002548",9,12960
"RAMP_P_000002549",96,12960
"RAMP_P_000002550",0,12960
"RAMP_P_000002551",33,12960
"RAMP_P_000002552",117,12960
"RAMP_P_000002553",13,12960
"RAMP_P_000002554",2,12960
"RAMP_P_000002555",0,12960
"RAMP_P_000002556",0,12960
"RAMP_P_000002557",12,12960
"RAMP_P_000002558",87,12960
"RAMP_P_000002559",16,12960
"RAMP_P_000002560",14,12960
"RAMP_P_000002561",0,12960
"RAMP_P_000002562",0,12960
"RAMP_P_000002563",26,12960
"RAMP_P_000002564",0,12960
"RAMP_P_000002565",28,12960
"RAMP_P_000002566",6,12960
"RAMP_P_000002567",3,12960
"RAMP_P_000002568",150,12960
"RAMP_P_000002569",32,12960
"RAMP_P_000002570",4,12960
"RAMP_P_000002571",18,12960
"RAMP_P_000002572",2,12960
"RAMP_P_000002573",16,12960
"RAMP_P_000002574",6,12960
"RAMP_P_000002575",8,12960
"RAMP_P_000002576",28,12960
"RAMP_P_000002577",5,12960
"RAMP_P_000002578",50,12960
"RAMP_P_000002579",112,12960
"RAMP_P_000002580",37,12960
"RAMP_P_000002581",42,12960
"RAMP_P_000002582",32,12960
"RAMP_P_000002583",4,12960
"RAMP_P_000002584",7,12960
"RAMP_P_000002585",11,12960
"RAMP_P_000002586",25,12960
"RAMP_P_000002587",0,12960
"RAMP_P_000002588",33,12960
"RAMP_P_000002589",100,12960
"RAMP_P_000002590",12,12960
"RAMP_P_000002591",14,12960
"RAMP_P_000002592",7,12960
"RAMP_P_000002593",8,12960
"RAMP_P_000002594",2,12960
"RAMP_P_000002595",45,12960
"RAMP_P_000002596",9,12960
"RAMP_P_000002597",0,12960
"RAMP_P_000002598",3,12960
"RAMP_P_000002599",6,12960
"RAMP_P_000002600",13,12960
"RAMP_P_000002601",11,12960
"RAMP_P_000002602",59,12960
"RAMP_P_000002603",1,12960
"RAMP_P_000002604",0,12960
"RAMP_P_000002605",72,12960
"RAMP_P_000002606",36,12960
"RAMP_P_000002607",1,12960
"RAMP_P_000002608",3,12960
"RAMP_P_000002609",0,12960
"RAMP_P_000002610",5,12960
"RAMP_P_000002611",80,12960
"RAMP_P_000002612",57,12960
"RAMP_P_000002613",15,12960
"RAMP_P_000002614",8,12960
"RAMP_P_000002615",0,12960
"RAMP_P_000002616",58,12960
"RAMP_P_000002617",17,12960
"RAMP_P_000002618",1,12960
"RAMP_P_000002619",8,12960
"RAMP_P_000002620",58,12960
"RAMP_P_000002621",6,12960
"RAMP_P_000002622",0,12960
"RAMP_P_000002623",308,12960
"RAMP_P_000002624",2,12960
"RAMP_P_000002625",23,12960
"RAMP_P_000002626",2,12960
"RAMP_P_000002627",17,12960
"RAMP_P_000002628",59,12960
"RAMP_P_000002629",5,12960
"RAMP_P_000002630",56,12960
"RAMP_P_000002631",44,12960
"RAMP_P_000002632",38,12960
"RAMP_P_000002633",49,12960
"RAMP_P_000002634",10,12960
"RAMP_P_000002635",24,12960
"RAMP_P_000002636",12,12960
"RAMP_P_000002637",212,12960
"RAMP_P_000002638",263,12960
"RAMP_P_000002639",87,12960
"RAMP_P_000002640",0,12960
"RAMP_P_000002641",42,12960
"RAMP_P_000002642",40,12960
"RAMP_P_000002643",1,12960
"RAMP_P_000002644",8,12960
"RAMP_P_000002645",8,12960
"RAMP_P_000002646",28,12960
"RAMP_P_000002647",11,12960
"RAMP_P_000002648",5,12960
"RAMP_P_000002649",16,12960
"RAMP_P_000002650",8,12960
"RAMP_P_000002651",0,12960
"RAMP_P_000002652",7,12960
"RAMP_P_000002653",0,12960
"RAMP_P_000002654",19,12960
"RAMP_P_000002655",9,12960
"RAMP_P_000002656",2,12960
"RAMP_P_000002657",20,12960
"RAMP_P_000002658",18,12960
"RAMP_P_000002659",3,12960
"RAMP_P_000002660",1,12960
"RAMP_P_000002661",148,12960
"RAMP_P_000002662",0,12960
"RAMP_P_000002663",9,12960
"RAMP_P_000002664",4,12960
"RAMP_P_000002665",7,12960
"RAMP_P_000002666",58,12960
"RAMP_P_000002667",46,12960
"RAMP_P_000002668",15,12960
"RAMP_P_000002669",16,12960
"RAMP_P_000002670",17,12960
"RAMP_P_000002671",2,12960
"RAMP_P_000002672",69,12960
"RAMP_P_000002673",1,12960
"RAMP_P_000002674",9,12960
"RAMP_P_000002675",3,12960
"RAMP_P_000002676",6,12960
"RAMP_P_000002677",2,12960
"RAMP_P_000002678",67,12960
"RAMP_P_000002679",5,12960
"RAMP_P_000002680",17,12960
"RAMP_P_000002681",2,12960
"RAMP_P_000002682",303,12960
"RAMP_P_000002683",2,12960
"RAMP_P_000002684",10,12960
"RAMP_P_000002685",2,12960
"RAMP_P_000002686",706,12960
"RAMP_P_000002687",12,12960
"RAMP_P_000002688",13,12960
"RAMP_P_000002689",10,12960
"RAMP_P_000002690",7,12960
"RAMP_P_000002691",63,12960
"RAMP_P_000002692",0,12960
"RAMP_P_000002693",8,12960
"RAMP_P_000002694",7,12960
"RAMP_P_000002695",637,12960
"RAMP_P_000002696",176,12960
"RAMP_P_000002697",0,12960
"RAMP_P_000002698",0,12960
"RAMP_P_000002699",8,12960
"RAMP_P_000002700",46,12960
"RAMP_P_000002701",23,12960
"RAMP_P_000002702",5,12960
"RAMP_P_000002703",12,12960
"RAMP_P_000002704",110,12960
"RAMP_P_000002705",278,12960
"RAMP_P_000002706",14,12960
"RAMP_P_000002707",13,12960
"RAMP_P_000002708",8,12960
"RAMP_P_000002709",4,12960
"RAMP_P_000002710",31,12960
"RAMP_P_000002711",0,12960
"RAMP_P_000002712",6,12960
"RAMP_P_000002713",357,12960
"RAMP_P_000002714",161,12960
"RAMP_P_000002715",6,12960
"RAMP_P_000002716",99,12960
"RAMP_P_000002717",6,12960
"RAMP_P_000002718",10,12960
"RAMP_P_000002719",2,12960
"RAMP_P_000002720",257,12960
"RAMP_P_000002721",145,12960
"RAMP_P_000002722",5,12960
"RAMP_P_000002723",33,12960
"RAMP_P_000002724",37,12960
"RAMP_P_000002725",4,12960
"RAMP_P_000002726",10,12960
"RAMP_P_000002727",90,12960
"RAMP_P_000002728",0,12960
"RAMP_P_000002729",0,12960
"RAMP_P_000002730",56,12960
"RAMP_P_000002731",11,12960
"RAMP_P_000002732",8,12960
"RAMP_P_000002733",15,12960
"RAMP_P_000002734",3,12960
"RAMP_P_000002735",12,12960
"RAMP_P_000002736",142,12960
"RAMP_P_000002737",141,12960
"RAMP_P_000002738",5,12960
"RAMP_P_000002739",59,12960
"RAMP_P_000002740",39,12960
"RAMP_P_000002741",5,12960
"RAMP_P_000002742",1,12960
"RAMP_P_000002743",7,12960
"RAMP_P_000002744",4,12960
"RAMP_P_000002745",25,12960
"RAMP_P_000002746",740,12960
"RAMP_P_000002747",100,12960
"RAMP_P_000002748",74,12960
"RAMP_P_000002749",10,12960
"RAMP_P_000002750",44,12960
"RAMP_P_000002751",3,12960
"RAMP_P_000002752",10,12960
"RAMP_P_000002753",17,12960
"RAMP_P_000002754",22,12960
"RAMP_P_000002755",7,12960
"RAMP_P_000002756",0,12960
"RAMP_P_000002757",48,12960
"RAMP_P_000002758",205,12960
"RAMP_P_000002759",10,12960
"RAMP_P_000002760",36,12960
"RAMP_P_000002761",7,12960
"RAMP_P_000002762",3,12960
"RAMP_P_000002763",16,12960
"RAMP_P_000002764",89,12960
"RAMP_P_000002765",8,12960
"RAMP_P_000002766",13,12960
"RAMP_P_000002767",10,12960
"RAMP_P_000002768",84,12960
"RAMP_P_000002769",78,12960
"RAMP_P_000002770",0,12960
"RAMP_P_000002771",17,12960
"RAMP_P_000002772",5,12960
"RAMP_P_000002773",26,12960
"RAMP_P_000002774",55,12960
"RAMP_P_000002775",111,12960
"RAMP_P_000002776",0,12960
"RAMP_P_000002777",286,12960
"RAMP_P_000002778",0,12960
"RAMP_P_000002779",236,12960
"RAMP_P_000002780",28,12960
"RAMP_P_000002781",3,12960
"RAMP_P_000002782",55,12960
"RAMP_P_000002783",12,12960
"RAMP_P_000002784",27,12960
"RAMP_P_000002785",11,12960
"RAMP_P_000002786",12,12960
"RAMP_P_000002787",61,12960
"RAMP_P_000002788",3,12960
"RAMP_P_000002789",0,12960
"RAMP_P_000002790",0,12960
"RAMP_P_000002791",66,12960
"RAMP_P_000002792",51,12960
"RAMP_P_000002793",43,12960
"RAMP_P_000002794",8,12960
"RAMP_P_000002795",9,12960
"RAMP_P_000002796",89,12960
"RAMP_P_000002797",169,12960
"RAMP_P_000002798",8,12960
"RAMP_P_000002799",0,12960
"RAMP_P_000002800",6,12960
"RAMP_P_000002801",48,12960
"RAMP_P_000002802",8,12960
"RAMP_P_000002803",0,12960
"RAMP_P_000002804",2,12960
"RAMP_P_000002805",3,12960
"RAMP_P_000002806",18,12960
"RAMP_P_000002807",0,12960
"RAMP_P_000002808",1,12960
"RAMP_P_000002809",18,12960
"RAMP_P_000002810",324,12960
"RAMP_P_000002811",56,12960
"RAMP_P_000002812",3,12960
"RAMP_P_000002813",10,12960
"RAMP_P_000002814",67,12960
"RAMP_P_000002815",148,12960
"RAMP_P_000002816",45,12960
"RAMP_P_000002817",29,12960
"RAMP_P_000002818",10,12960
"RAMP_P_000002819",13,12960
"RAMP_P_000002820",117,12960
"RAMP_P_000002821",113,12960
"RAMP_P_000002822",33,12960
"RAMP_P_000002823",8,12960
"RAMP_P_000002824",203,12960
"RAMP_P_000002825",117,12960
"RAMP_P_000002826",12,12960
"RAMP_P_000002827",28,12960
"RAMP_P_000002828",264,12960
"RAMP_P_000002829",0,12960
"RAMP_P_000002830",23,12960
"RAMP_P_000002831",2,12960
"RAMP_P_000002832",87,12960
"RAMP_P_000002833",20,12960
"RAMP_P_000002834",6,12960
"RAMP_P_000002835",13,12960
"RAMP_P_000002836",48,12960
"RAMP_P_000002837",63,12960
"RAMP_P_000002838",20,12960
"RAMP_P_000002839",141,12960
"RAMP_P_000002840",31,12960
"RAMP_P_000002841",2,12960
"RAMP_P_000002842",266,12960
"RAMP_P_000002843",68,12960
"RAMP_P_000002844",109,12960
"RAMP_P_000002845",43,12960
"RAMP_P_000002846",0,12960
"RAMP_P_000002847",8,12960
"RAMP_P_000002848",10,12960
"RAMP_P_000002849",0,12960
"RAMP_P_000002850",20,12960
"RAMP_P_000002851",72,12960
"RAMP_P_000002852",253,12960
"RAMP_P_000002853",9,12960
"RAMP_P_000002854",100,12960
"RAMP_P_000002855",2,12960
"RAMP_P_000002856",18,12960
"RAMP_P_000002857",14,12960
"RAMP_P_000002858",11,12960
"RAMP_P_000002859",159,12960
"RAMP_P_000002860",8,12960
"RAMP_P_000002861",8,12960
"RAMP_P_000002862",6,12960
"RAMP_P_000002863",1489,12960
"RAMP_P_000002864",103,12960
"RAMP_P_000002865",0,12960
"RAMP_P_000002866",18,12960
"RAMP_P_000002867",21,12960
"RAMP_P_000002868",0,12960
"RAMP_P_000002869",15,12960
"RAMP_P_000002870",8,12960
"RAMP_P_000002871",4,12960
"RAMP_P_000002872",31,12960
"RAMP_P_000002873",27,12960
"RAMP_P_000002874",19,12960
"RAMP_P_000002875",99,12960
"RAMP_P_000002876",371,12960
"RAMP_P_000002877",458,12960
"RAMP_P_000002878",19,12960
"RAMP_P_000002879",5,12960
"RAMP_P_000002880",3,12960
"RAMP_P_000002881",659,12960
"RAMP_P_000002882",2,12960
"RAMP_P_000002883",14,12960
"RAMP_P_000002884",0,12960
"RAMP_P_000002885",43,12960
"RAMP_P_000002886",32,12960
"RAMP_P_000002887",4,12960
"RAMP_P_000002888",50,12960
"RAMP_P_000002889",38,12960
"RAMP_P_000002890",17,12960
"RAMP_P_000002891",21,12960
"RAMP_P_000002892",6,12960
"RAMP_P_000002893",38,12960
"RAMP_P_000002894",117,12960
"RAMP_P_000002895",0,12960
"RAMP_P_000002896",18,12960
"RAMP_P_000002897",10,12960
"RAMP_P_000002898",3,12960
"RAMP_P_000002899",0,12960
"RAMP_P_000002900",39,12960
"RAMP_P_000002901",14,12960
"RAMP_P_000002902",57,12960
"RAMP_P_000002903",5,12960
"RAMP_P_000002904",3,12960
"RAMP_P_000002905",4,12960
"RAMP_P_000002906",4,12960
"RAMP_P_000002907",19,12960
"RAMP_P_000002908",22,12960
"RAMP_P_000002909",34,12960
"RAMP_P_000002910",23,12960
"RAMP_P_000002911",46,12960
"RAMP_P_000002912",1,12960
"RAMP_P_000002913",0,12960
"RAMP_P_000002914",7,12960
"RAMP_P_000002915",7,12960
"RAMP_P_000002916",32,12960
"RAMP_P_000002917",4,12960
"RAMP_P_000002918",0,12960
"RAMP_P_000002919",7,12960
"RAMP_P_000002920",29,12960
"RAMP_P_000002921",5,12960
"RAMP_P_000002922",30,12960
"RAMP_P_000002923",90,12960
"RAMP_P_000002924",9,12960
"RAMP_P_000002925",1,12960
"RAMP_P_000002926",11,12960
"RAMP_P_000002927",0,12960
"RAMP_P_000002928",3,12960
"RAMP_P_000002929",77,12960
"RAMP_P_000002930",102,12960
"RAMP_P_000002931",21,12960
"RAMP_P_000002932",17,12960
"RAMP_P_000002933",362,12960
"RAMP_P_000002934",20,12960
"RAMP_P_000002935",43,12960
"RAMP_P_000002936",382,12960
"RAMP_P_000002937",19,12960
"RAMP_P_000002938",96,12960
"RAMP_P_000002939",34,12960
"RAMP_P_000002940",15,12960
"RAMP_P_000002941",3,12960
"RAMP_P_000002942",14,12960
"RAMP_P_000002943",35,12960
"RAMP_P_000002944",131,12960
"RAMP_P_000002945",0,12960
"RAMP_P_000002946",3,12960
"RAMP_P_000002947",43,12960
"RAMP_P_000002948",6,12960
"RAMP_P_000002949",114,12960
"RAMP_P_000002950",22,12960
"RAMP_P_000002951",5,12960
"RAMP_P_000002952",3,12960
"RAMP_P_000002953",4,12960
"RAMP_P_000002954",26,12960
"RAMP_P_000002955",5,12960
"RAMP_P_000002956",98,12960
"RAMP_P_000002957",359,12960
"RAMP_P_000002958",279,12960
"RAMP_P_000002959",8,12960
"RAMP_P_000002960",4,12960
"RAMP_P_000002961",17,12960
"RAMP_P_000002962",5,12960
"RAMP_P_000002963",39,12960
"RAMP_P_000002964",12,12960
"RAMP_P_000002965",16,12960
"RAMP_P_000002966",71,12960
"RAMP_P_000002967",15,12960
"RAMP_P_000002968",38,12960
"RAMP_P_000002969",0,12960
"RAMP_P_000002970",0,12960
"RAMP_P_000002971",4,12960
"RAMP_P_000002972",272,12960
"RAMP_P_000002973",76,12960
"RAMP_P_000002974",75,12960
"RAMP_P_000002975",93,12960
"RAMP_P_000002976",55,12960
"RAMP_P_000002977",36,12960
"RAMP_P_000002978",4,12960
"RAMP_P_000002979",2,12960
"RAMP_P_000002980",18,12960
"RAMP_P_000002981",146,12960
"RAMP_P_000002982",0,12960
"RAMP_P_000002983",3,12960
"RAMP_P_000002984",18,12960
"RAMP_P_000002985",30,12960
"RAMP_P_000002986",5,12960
"RAMP_P_000002987",14,12960
"RAMP_P_000002988",5,12960
"RAMP_P_000002989",65,12960
"RAMP_P_000002990",0,12960
"RAMP_P_000002991",259,12960
"RAMP_P_000002992",5,12960
"RAMP_P_000002993",10,12960
"RAMP_P_000002994",5,12960
"RAMP_P_000002995",14,12960
"RAMP_P_000002996",2,12960
"RAMP_P_000002997",17,12960
"RAMP_P_000002998",306,12960
"RAMP_P_000002999",86,12960
"RAMP_P_000003000",1,12960
"RAMP_P_000003001",41,12960
"RAMP_P_000003002",24,12960
"RAMP_P_000003003",35,12960
"RAMP_P_000003004",36,12960
"RAMP_P_000003005",30,12960
"RAMP_P_000003006",0,12960
"RAMP_P_000003007",82,12960
"RAMP_P_000003008",13,12960
"RAMP_P_000003009",4,12960
"RAMP_P_000003010",91,12960
"RAMP_P_000003011",27,12960
"RAMP_P_000003012",46,12960
"RAMP_P_000003013",9,12960
"RAMP_P_000003014",3,12960
"RAMP_P_000003015",0,12960
"RAMP_P_000003016",22,12960
"RAMP_P_000003017",15,12960
"RAMP_P_000003018",18,12960
"RAMP_P_000003019",29,12960
"RAMP_P_000003020",100,12960
"RAMP_P_000003021",31,12960
"RAMP_P_000003022",8,12960
"RAMP_P_000003023",14,12960
"RAMP_P_000003024",18,12960
"RAMP_P_000003025",30,12960
"RAMP_P_000003026",41,12960
"RAMP_P_000003027",23,12960
"RAMP_P_000003028",23,12960
"RAMP_P_000003029",0,12960
"RAMP_P_000003030",30,12960
"RAMP_P_000003031",10,12960
"RAMP_P_000003032",60,12960
"RAMP_P_000003033",88,12960
"RAMP_P_000003034",24,12960
"RAMP_P_000003035",3,12960
"RAMP_P_000003036",1087,12960
"RAMP_P_000003037",34,12960
"RAMP_P_000003038",58,12960
"RAMP_P_000003039",10,12960
"RAMP_P_000003040",27,12960
"RAMP_P_000003041",2,12960
"RAMP_P_000003042",299,12960
"RAMP_P_000003043",26,12960
"RAMP_P_000003044",39,12960
"RAMP_P_000003045",0,12960
"RAMP_P_000003046",36,12960
"RAMP_P_000003047",52,12960
"RAMP_P_000003048",9,12960
"RAMP_P_000003049",84,12960
"RAMP_P_000003050",23,12960
"RAMP_P_000003051",9,12960
"RAMP_P_000003052",9,12960
"RAMP_P_000003053",73,12960
"RAMP_P_000003054",105,12960
"RAMP_P_000003055",23,12960
"RAMP_P_000003056",23,12960
"RAMP_P_000003057",1,12960
"RAMP_P_000003058",12,12960
"RAMP_P_000003059",110,12960
"RAMP_P_000003060",202,12960
"RAMP_P_000003061",0,12960
"RAMP_P_000003062",7,12960
"RAMP_P_000003063",10,12960
"RAMP_P_000003064",8,12960
"RAMP_P_000003065",136,12960
"RAMP_P_000003066",0,12960
"RAMP_P_000003067",0,12960
"RAMP_P_000003068",14,12960
"RAMP_P_000003069",55,12960
"RAMP_P_000003070",37,12960
"RAMP_P_000003071",72,12960
"RAMP_P_000003072",5,12960
"RAMP_P_000003073",64,12960
"RAMP_P_000003074",14,12960
"RAMP_P_000003075",18,12960
"RAMP_P_000003076",246,12960
"RAMP_P_000003077",22,12960
"RAMP_P_000003078",29,12960
"RAMP_P_000003079",0,12960
"RAMP_P_000003080",1,12960
"RAMP_P_000003081",27,12960
"RAMP_P_000003082",52,12960
"RAMP_P_000003083",94,12960
"RAMP_P_000003084",18,12960
"RAMP_P_000003085",25,12960
"RAMP_P_000003086",81,12960
"RAMP_P_000003087",2,12960
"RAMP_P_000003088",38,12960
"RAMP_P_000003089",4,12960
"RAMP_P_000003090",1,12960
"RAMP_P_000003091",14,12960
"RAMP_P_000003092",27,12960
"RAMP_P_000003093",3,12960
"RAMP_P_000003094",16,12960
"RAMP_P_000003095",27,12960
"RAMP_P_000003096",22,12960
"RAMP_P_000003097",12,12960
"RAMP_P_000003098",0,12960
"RAMP_P_000003099",15,12960
"RAMP_P_000003100",0,12960
"RAMP_P_000003101",44,12960
"RAMP_P_000003102",17,12960
"RAMP_P_000003103",9,12960
"RAMP_P_000003104",11,12960
"RAMP_P_000003105",39,12960
"RAMP_P_000003106",22,12960
"RAMP_P_000003107",8,12960
"RAMP_P_000003108",56,12960
"RAMP_P_000003109",338,12960
"RAMP_P_000003110",10,12960
"RAMP_P_000003111",37,12960
"RAMP_P_000003112",57,12960
"RAMP_P_000003113",63,12960
"RAMP_P_000003114",42,12960
"RAMP_P_000003115",6,12960
"RAMP_P_000003116",0,12960
"RAMP_P_000003117",36,12960
"RAMP_P_000003118",21,12960
"RAMP_P_000003119",16,12960
"RAMP_P_000003120",48,12960
"RAMP_P_000003121",26,12960
"RAMP_P_000003122",4,12960
"RAMP_P_000003123",10,12960
"RAMP_P_000003124",9,12960
"RAMP_P_000003125",7,12960
"RAMP_P_000003126",183,12960
"RAMP_P_000003127",10,12960
"RAMP_P_000003128",2,12960
"RAMP_P_000003129",49,12960
"RAMP_P_000003130",0,12960
"RAMP_P_000003131",6,12960
"RAMP_P_000003132",34,12960
"RAMP_P_000003133",3,12960
"RAMP_P_000003134",15,12960
"RAMP_P_000003135",7,12960
"RAMP_P_000003136",50,12960
"RAMP_P_000003137",14,12960
"RAMP_P_000003138",2,12960
"RAMP_P_000003139",32,12960
"RAMP_P_000003140",179,12960
"RAMP_P_000003141",39,12960
"RAMP_P_000003142",96,12960
"RAMP_P_000003143",21,12960
"RAMP_P_000003144",31,12960
"RAMP_P_000003145",0,12960
"RAMP_P_000003146",6,12960
"RAMP_P_000003147",48,12960
"RAMP_P_000003148",26,12960
"RAMP_P_000003149",0,12960
"RAMP_P_000003150",0,12960
"RAMP_P_000003151",139,12960
"RAMP_P_000003152",28,12960
"RAMP_P_000003153",7,12960
"RAMP_P_000003154",68,12960
"RAMP_P_000003155",34,12960
"RAMP_P_000003156",21,12960
"RAMP_P_000003157",5,12960
"RAMP_P_000003158",286,12960
"RAMP_P_000003159",100,12960
"RAMP_P_000003160",222,12960
"RAMP_P_000003161",11,12960
"RAMP_P_000003162",44,12960
"RAMP_P_000003163",7,12960
"RAMP_P_000003164",4,12960
"RAMP_P_000003165",5,12960
"RAMP_P_000003166",2,12960
"RAMP_P_000003167",25,12960
"RAMP_P_000003168",60,12960
"RAMP_P_000003169",23,12960
"RAMP_P_000003170",4,12960
"RAMP_P_000003171",39,12960
"RAMP_P_000003172",49,12960
"RAMP_P_000003173",0,12960
"RAMP_P_000003174",3,12960
"RAMP_P_000003175",127,12960
"RAMP_P_000003176",9,12960
"RAMP_P_000003177",102,12960
"RAMP_P_000003178",12,12960
"RAMP_P_000003179",47,12960
"RAMP_P_000003180",4,12960
"RAMP_P_000003181",11,12960
"RAMP_P_000003182",68,12960
"RAMP_P_000003183",2,12960
"RAMP_P_000003184",3,12960
"RAMP_P_000003185",10,12960
"RAMP_P_000003186",1,12960
"RAMP_P_000003187",6,12960
"RAMP_P_000003188",18,12960
"RAMP_P_000003189",293,12960
"RAMP_P_000003190",7,12960
"RAMP_P_000003191",20,12960
"RAMP_P_000003192",85,12960
"RAMP_P_000003193",28,12960
"RAMP_P_000003194",15,12960
"RAMP_P_000003195",20,12960
"RAMP_P_000003196",459,12960
"RAMP_P_000003197",27,12960
"RAMP_P_000003198",12,12960
"RAMP_P_000003199",5,12960
"RAMP_P_000003200",42,12960
"RAMP_P_000003201",21,12960
"RAMP_P_000003202",5,12960
"RAMP_P_000003203",91,12960
"RAMP_P_000003204",7,12960
"RAMP_P_000003205",108,12960
"RAMP_P_000003206",25,12960
"RAMP_P_000003207",98,12960
"RAMP_P_000003208",1,12960
"RAMP_P_000003209",65,12960
"RAMP_P_000003210",6,12960
"RAMP_P_000003211",92,12960
"RAMP_P_000003212",7,12960
"RAMP_P_000003213",307,12960
"RAMP_P_000003214",31,12960
"RAMP_P_000003215",2,12960
"RAMP_P_000003216",3,12960
"RAMP_P_000003217",13,12960
"RAMP_P_000003218",8,12960
"RAMP_P_000003219",20,12960
"RAMP_P_000003220",4,12960
"RAMP_P_000003221",120,12960
"RAMP_P_000003222",742,12960
"RAMP_P_000003223",1,12960
"RAMP_P_000003224",17,12960
"RAMP_P_000003225",140,12960
"RAMP_P_000003226",0,12960
"RAMP_P_000003227",53,12960
"RAMP_P_000003228",37,12960
"RAMP_P_000003229",26,12960
"RAMP_P_000003230",15,12960
"RAMP_P_000003231",15,12960
"RAMP_P_000003232",5,12960
"RAMP_P_000003233",20,12960
"RAMP_P_000003234",27,12960
"RAMP_P_000003235",23,12960
"RAMP_P_000003236",5,12960
"RAMP_P_000003237",41,12960
"RAMP_P_000003238",76,12960
"RAMP_P_000003239",4,12960
"RAMP_P_000003240",5,12960
"RAMP_P_000003241",47,12960
"RAMP_P_000003242",30,12960
"RAMP_P_000003243",13,12960
"RAMP_P_000003244",130,12960
"RAMP_P_000003245",81,12960
"RAMP_P_000003246",15,12960
"RAMP_P_000003247",139,12960
"RAMP_P_000003248",31,12960
"RAMP_P_000003249",102,12960
"RAMP_P_000003250",58,12960
"RAMP_P_000003251",0,12960
"RAMP_P_000003252",123,12960
"RAMP_P_000003253",32,12960
"RAMP_P_000003254",6,12960
"RAMP_P_000003255",28,12960
"RAMP_P_000003256",137,12960
"RAMP_P_000003257",23,12960
"RAMP_P_000003258",111,12960
"RAMP_P_000003259",20,12960
"RAMP_P_000003260",113,12960
"RAMP_P_000003261",91,12960
"RAMP_P_000003262",29,12960
"RAMP_P_000003263",70,12960
"RAMP_P_000003264",88,12960
"RAMP_P_000003265",44,12960
"RAMP_P_000003266",40,12960
"RAMP_P_000003267",47,12960
"RAMP_P_000003268",0,12960
"RAMP_P_000003269",99,12960
"RAMP_P_000003270",99,12960
"RAMP_P_000003271",138,12960
"RAMP_P_000003272",76,12960
"RAMP_P_000003273",182,12960
"RAMP_P_000003274",13,12960
"RAMP_P_000003275",144,12960
"RAMP_P_000003276",148,12960
"RAMP_P_000003277",68,12960
"RAMP_P_000003278",144,12960
"RAMP_P_000003279",94,12960
"RAMP_P_000003280",170,12960
"RAMP_P_000003281",68,12960
"RAMP_P_000003282",50,12960
"RAMP_P_000003283",20,12960
"RAMP_P_000003284",33,12960
"RAMP_P_000003285",152,12960
"RAMP_P_000003286",96,12960
"RAMP_P_000003287",62,12960
"RAMP_P_000003288",65,12960
"RAMP_P_000003289",51,12960
"RAMP_P_000003290",96,12960
"RAMP_P_000003291",68,12960
"RAMP_P_000003292",134,12960
"RAMP_P_000003293",72,12960
"RAMP_P_000003294",29,12960
"RAMP_P_000003295",210,12960
"RAMP_P_000003296",26,12960
"RAMP_P_000003297",84,12960
"RAMP_P_000003298",58,12960
"RAMP_P_000003299",10,12960
"RAMP_P_000003300",31,12960
"RAMP_P_000003301",41,12960
"RAMP_P_000003302",49,12960
"RAMP_P_000003303",59,12960
"RAMP_P_000003304",24,12960
"RAMP_P_000003305",177,12960
"RAMP_P_000003306",62,12960
"RAMP_P_000003307",41,12960
"RAMP_P_000003308",83,12960
"RAMP_P_000003309",102,12960
"RAMP_P_000003310",133,12960
"RAMP_P_000003311",8,12960
"RAMP_P_000003312",184,12960
"RAMP_P_000003313",0,12960
"RAMP_P_000003314",31,12960
"RAMP_P_000003315",45,12960
"RAMP_P_000003316",21,12960
"RAMP_P_000003317",41,12960
"RAMP_P_000003318",0,12960
"RAMP_P_000003319",3,12960
"RAMP_P_000003320",198,12960
"RAMP_P_000003321",203,12960
"RAMP_P_000003322",47,12960
"RAMP_P_000003323",121,12960
"RAMP_P_000003324",198,12960
"RAMP_P_000003325",124,12960
"RAMP_P_000003326",63,12960
"RAMP_P_000003327",77,12960
"RAMP_P_000003328",1,12960
"RAMP_P_000003329",107,12960
"RAMP_P_000003330",52,12960
"RAMP_P_000003331",10,12960
"RAMP_P_000003332",211,12960
"RAMP_P_000003333",107,12960
"RAMP_P_000003334",44,12960
"RAMP_P_000003335",88,12960
"RAMP_P_000003336",82,12960
"RAMP_P_000003337",28,12960
"RAMP_P_000003338",150,12960
"RAMP_P_000003339",112,12960
"RAMP_P_000003340",166,12960
"RAMP_P_000003341",91,12960
"RAMP_P_000003342",168,12960
"RAMP_P_000003343",65,12960
"RAMP_P_000003344",30,12960
"RAMP_P_000003345",28,12960
"RAMP_P_000003346",46,12960
"RAMP_P_000003347",35,12960
"RAMP_P_000003348",47,12960
"RAMP_P_000003349",73,12960
"RAMP_P_000003350",116,12960
"RAMP_P_000003351",37,12960
"RAMP_P_000003352",119,12960
"RAMP_P_000003353",299,12960
"RAMP_P_000003354",34,12960
"RAMP_P_000003355",65,12960
"RAMP_P_000003356",54,12960
"RAMP_P_000003357",171,12960
"RAMP_P_000003358",183,12960
"RAMP_P_000003359",35,12960
"RAMP_P_000003360",90,12960
"RAMP_P_000003361",30,12960
"RAMP_P_000003362",127,12960
"RAMP_P_000003363",89,12960
"RAMP_P_000003364",43,12960
"RAMP_P_000003365",93,12960
"RAMP_P_000003366",6,12960
"RAMP_P_000003367",92,12960
"RAMP_P_000003368",154,12960
"RAMP_P_000003369",55,12960
"RAMP_P_000003370",25,12960
"RAMP_P_000003371",66,12960
"RAMP_P_000003372",172,12960
"RAMP_P_000003373",26,12960
"RAMP_P_000003374",167,12960
"RAMP_P_000003375",39,12960
"RAMP_P_000003376",46,12960
"RAMP_P_000003377",268,12960
"RAMP_P_000003378",255,12960
"RAMP_P_000003379",37,12960
"RAMP_P_000003380",395,12960
"RAMP_P_000003381",78,12960
"RAMP_P_000003382",28,12960
"RAMP_P_000003383",40,12960
"RAMP_P_000003384",31,12960
"RAMP_P_000003385",35,12960
"RAMP_P_000003386",84,12960
"RAMP_P_000003387",71,12960
"RAMP_P_000003388",82,12960
"RAMP_P_000003389",47,12960
"RAMP_P_000003390",48,12960
"RAMP_P_000003391",151,12960
"RAMP_P_000003392",24,12960
"RAMP_P_000003393",181,12960
"RAMP_P_000003394",42,12960
"RAMP_P_000003395",20,12960
"RAMP_P_000003396",132,12960
"RAMP_P_000003397",69,12960
"RAMP_P_000003398",27,12960
"RAMP_P_000003399",27,12960
"RAMP_P_000003400",130,12960
"RAMP_P_000003401",22,12960
"RAMP_P_000003402",30,12960
"RAMP_P_000003403",143,12960
"RAMP_P_000003404",33,12960
"RAMP_P_000003405",90,12960
"RAMP_P_000003406",45,12960
"RAMP_P_000003407",76,12960
"RAMP_P_000003408",79,12960
"RAMP_P_000003409",293,12960
"RAMP_P_000003410",198,12960
"RAMP_P_000003411",59,12960
"RAMP_P_000003412",69,12960
"RAMP_P_000003413",319,12960
"RAMP_P_000003414",43,12960
"RAMP_P_000003415",161,12960
"RAMP_P_000003416",163,12960
"RAMP_P_000003417",33,12960
"RAMP_P_000003418",23,12960
"RAMP_P_000003419",54,12960
"RAMP_P_000003420",79,12960
"RAMP_P_000003421",24,12960
"RAMP_P_000003422",5,12960
"RAMP_P_000003423",23,12960
"RAMP_P_000003424",27,12960
"RAMP_P_000003425",25,12960
"RAMP_P_000003426",82,12960
"RAMP_P_000003427",160,12960
"RAMP_P_000003428",192,12960
"RAMP_P_000003429",67,12960
"RAMP_P_000003430",98,12960
"RAMP_P_000003431",35,12960
"RAMP_P_000003432",58,12960
"RAMP_P_000003433",131,12960
"RAMP_P_000003434",96,12960
"RAMP_P_000003435",68,12960
"RAMP_P_000003436",40,12960
"RAMP_P_000003437",413,12960
"RAMP_P_000003438",150,12960
"RAMP_P_000003439",64,12960
"RAMP_P_000003440",54,12960
"RAMP_P_000003441",83,12960
"RAMP_P_000003442",126,12960
"RAMP_P_000003443",44,12960
"RAMP_P_000003444",58,12960
"RAMP_P_000003445",133,12960
"RAMP_P_000003446",48,12960
"RAMP_P_000003447",138,12960
"RAMP_P_000003448",78,12960
"RAMP_P_000003449",75,12960
"RAMP_P_000003450",24,12960
"RAMP_P_000003451",19,12960
"RAMP_P_000003452",23,12960
"RAMP_P_000003453",8,12960
"RAMP_P_000003454",48,12960
"RAMP_P_000003455",32,12960
"RAMP_P_000003456",36,12960
"RAMP_P_000003457",131,12960
"RAMP_P_000003458",350,12960
"RAMP_P_000003459",144,12960
"RAMP_P_000003460",21,12960
"RAMP_P_000003461",71,12960
"RAMP_P_000003462",175,12960
"RAMP_P_000003463",45,12960
"RAMP_P_000003464",45,12960
"RAMP_P_000003465",118,12960
"RAMP_P_000003466",51,12960
"RAMP_P_000003467",22,12960
"RAMP_P_000003468",66,12960
"RAMP_P_000003469",98,12960
"RAMP_P_000003470",61,12960
"RAMP_P_000003471",85,12960
"RAMP_P_000003472",17,12960
"RAMP_P_000003473",65,12960
"RAMP_P_000003474",23,12960
"RAMP_P_000003475",48,12960
"RAMP_P_000003476",11,12960
"RAMP_P_000003477",73,12960
"RAMP_P_000003478",234,12960
"RAMP_P_000003479",162,12960
"RAMP_P_000003480",128,12960
"RAMP_P_000003481",34,12960
"RAMP_P_000003482",143,12960
"RAMP_P_000003483",18,12960
"RAMP_P_000003484",93,12960
"RAMP_P_000003485",139,12960
"RAMP_P_000003486",113,12960
"RAMP_P_000003487",5,12960
"RAMP_P_000003488",200,12960
"RAMP_P_000003489",103,12960
"RAMP_P_000003490",66,12960
"RAMP_P_000003491",88,12960
"RAMP_P_000003492",96,12960
"RAMP_P_000003493",15,12960
"RAMP_P_000003494",100,12960
"RAMP_P_000003495",17,12960
"RAMP_P_000003496",89,12960
"RAMP_P_000003497",72,12960
"RAMP_P_000003498",44,12960
"RAMP_P_000003499",72,12960
"RAMP_P_000003500",112,12960
"RAMP_P_000003501",122,12960
"RAMP_P_000003502",96,12960
"RAMP_P_000003503",244,12960
"RAMP_P_000003504",3,12960
"RAMP_P_000003505",50,12960
"RAMP_P_000003506",70,12960
"RAMP_P_000003508",142,12960
"RAMP_P_000003509",41,12960
"RAMP_P_000003510",170,12960
"RAMP_P_000003511",34,12960
"RAMP_P_000003512",72,12960
"RAMP_P_000003513",151,12960
"RAMP_P_000003514",120,12960
"RAMP_P_000003515",101,12960
"RAMP_P_000003516",11,12960
"RAMP_P_000003517",75,12960
"RAMP_P_000003518",0,12960
"RAMP_P_000003519",97,12960
"RAMP_P_000003520",49,12960
"RAMP_P_000003521",36,12960
"RAMP_P_000003522",18,12960
"RAMP_P_000003523",68,12960
"RAMP_P_000003524",101,12960
"RAMP_P_000003525",98,12960
"RAMP_P_000003526",17,12960
"RAMP_P_000003527",5,12960
"RAMP_P_000003528",0,12960
"RAMP_P_000003529",149,12960
"RAMP_P_000003530",65,12960
"RAMP_P_000003531",63,12960
"RAMP_P_000003532",40,12960
"RAMP_P_000003533",74,12960
"RAMP_P_000003534",0,12960
"RAMP_P_000003535",108,12960
"RAMP_P_000003536",89,12960
"RAMP_P_000003537",15,12960
"RAMP_P_000003538",121,12960
"RAMP_P_000003539",89,12960
"RAMP_P_000003540",96,12960
"RAMP_P_000003541",93,12960
"RAMP_P_000003542",37,12960
"RAMP_P_000003543",186,12960
"RAMP_P_000003544",85,12960
"RAMP_P_000003545",61,12960
"RAMP_P_000003546",174,12960
"RAMP_P_000003547",70,12960
"RAMP_P_000003548",0,12960
"RAMP_P_000003549",278,12960
"RAMP_P_000003550",55,12960
"RAMP_P_000003551",14,12960
"RAMP_P_000003552",137,12960
"RAMP_P_000003553",17,12960
"RAMP_P_000003554",72,12960
"RAMP_P_000003555",49,12960
"RAMP_P_000003556",172,12960
"RAMP_P_000003557",100,12960
"RAMP_P_000003558",51,12960
"RAMP_P_000003559",150,12960
