pathwayRampId,inPathway,outPathway
RAMP_P_000000001,35,5500
RAMP_P_000000002,20,5515
RAMP_P_000000003,19,5516
RAMP_P_000000004,11,5524
RAMP_P_000000005,53,5482
RAMP_P_000000006,63,5472
RAMP_P_000000007,10,5525
RAMP_P_000000008,59,5476
RAMP_P_000000009,21,5514
RAMP_P_000000010,9,5526
RAMP_P_000000011,1,5534
RAMP_P_000000012,16,5519
RAMP_P_000000013,5,5530
RAMP_P_000000014,53,5482
RAMP_P_000000015,26,5509
RAMP_P_000000016,38,5497
RAMP_P_000000017,0,5535
RAMP_P_000000018,28,5507
RAMP_P_000000019,65,5470
RAMP_P_000000020,29,5506
RAMP_P_000000021,32,5503
RAMP_P_000000022,65,5470
RAMP_P_000000023,12,5523
RAMP_P_000000024,12,5523
RAMP_P_000000025,65,5470
RAMP_P_000000026,9,5526
RAMP_P_000000027,5,5530
RAMP_P_000000028,4,5531
RAMP_P_000000029,38,5497
RAMP_P_000000030,13,5522
RAMP_P_000000031,59,5476
RAMP_P_000000032,7,5528
RAMP_P_000000033,65,5470
RAMP_P_000000034,11,5524
RAMP_P_000000035,22,5513
RAMP_P_000000036,8,5527
RAMP_P_000000037,59,5476
RAMP_P_000000038,2,5533
RAMP_P_000000039,12,5523
RAMP_P_000000040,59,5476
RAMP_P_000000041,20,5515
RAMP_P_000000042,14,5521
RAMP_P_000000043,19,5516
RAMP_P_000000044,20,5515
RAMP_P_000000045,9,5526
RAMP_P_000000046,8,5527
RAMP_P_000000047,21,5514
RAMP_P_000000048,0,5535
RAMP_P_000000049,9,5526
RAMP_P_000000050,9,5526
RAMP_P_000000051,20,5515
RAMP_P_000000052,11,5524
RAMP_P_000000053,20,5515
RAMP_P_000000054,20,5515
RAMP_P_000000055,4,5531
RAMP_P_000000056,28,5507
RAMP_P_000000057,20,5515
RAMP_P_000000058,1,5534
RAMP_P_000000059,46,5489
RAMP_P_000000060,2,5533
RAMP_P_000000061,7,5528
RAMP_P_000000062,17,5518
RAMP_P_000000063,11,5524
RAMP_P_000000064,12,5523
RAMP_P_000000065,0,5535
RAMP_P_000000066,43,5492
RAMP_P_000000067,26,5509
RAMP_P_000000068,12,5523
RAMP_P_000000069,42,5493
RAMP_P_000000070,20,5515
RAMP_P_000000071,42,5493
RAMP_P_000000072,33,5502
RAMP_P_000000073,20,5515
RAMP_P_000000074,45,5490
RAMP_P_000000075,13,5522
RAMP_P_000000076,14,5521
RAMP_P_000000077,1,5534
RAMP_P_000000078,27,5508
RAMP_P_000000079,5,5530
RAMP_P_000000080,13,5522
RAMP_P_000000081,20,5515
RAMP_P_000000082,20,5515
RAMP_P_000000083,49,5486
RAMP_P_000000084,9,5526
RAMP_P_000000085,4,5531
RAMP_P_000000086,6,5529
RAMP_P_000000087,48,5487
RAMP_P_000000088,34,5501
RAMP_P_000000089,55,5480
RAMP_P_000000090,11,5524
RAMP_P_000000091,53,5482
RAMP_P_000000092,20,5515
RAMP_P_000000093,12,5523
RAMP_P_000000094,20,5515
RAMP_P_000000095,20,5515
RAMP_P_000000096,11,5524
RAMP_P_000000097,26,5509
RAMP_P_000000098,49,5486
RAMP_P_000000099,29,5506
RAMP_P_000000100,10,5525
RAMP_P_000000101,20,5515
RAMP_P_000000102,65,5470
RAMP_P_000000103,9,5526
RAMP_P_000000104,74,5461
RAMP_P_000000105,65,5470
RAMP_P_000000106,20,5515
RAMP_P_000000107,59,5476
RAMP_P_000000108,6,5529
RAMP_P_000000109,46,5489
RAMP_P_000000110,4,5531
RAMP_P_000000111,29,5506
RAMP_P_000000112,5,5530
RAMP_P_000000113,72,5463
RAMP_P_000000114,26,5509
RAMP_P_000000115,1,5534
RAMP_P_000000116,6,5529
RAMP_P_000000117,1,5534
RAMP_P_000000118,20,5515
RAMP_P_000000119,21,5514
RAMP_P_000000120,59,5476
RAMP_P_000000121,17,5518
RAMP_P_000000122,43,5492
RAMP_P_000000123,46,5489
RAMP_P_000000124,42,5493
RAMP_P_000000125,43,5492
RAMP_P_000000126,53,5482
RAMP_P_000000127,18,5517
RAMP_P_000000128,5,5530
RAMP_P_000000129,55,5480
RAMP_P_000000130,43,5492
RAMP_P_000000131,11,5524
RAMP_P_000000132,12,5523
RAMP_P_000000133,9,5526
RAMP_P_000000134,4,5531
RAMP_P_000000135,65,5470
RAMP_P_000000136,20,5515
RAMP_P_000000137,68,5467
RAMP_P_000000138,43,5492
RAMP_P_000000139,14,5521
RAMP_P_000000140,59,5476
RAMP_P_000000141,8,5527
RAMP_P_000000142,12,5523
RAMP_P_000000143,14,5521
RAMP_P_000000144,20,5515
RAMP_P_000000145,27,5508
RAMP_P_000000146,11,5524
RAMP_P_000000147,42,5493
RAMP_P_000000148,9,5526
RAMP_P_000000149,58,5477
RAMP_P_000000150,65,5470
RAMP_P_000000151,12,5523
RAMP_P_000000152,32,5503
RAMP_P_000000153,5,5530
RAMP_P_000000154,21,5514
RAMP_P_000000155,4,5531
RAMP_P_000000156,5,5530
RAMP_P_000000157,22,5513
RAMP_P_000000158,42,5493
RAMP_P_000000159,39,5496
RAMP_P_000000160,46,5489
RAMP_P_000000161,11,5524
RAMP_P_000000162,12,5523
RAMP_P_000000163,3,5532
RAMP_P_000000164,59,5476
RAMP_P_000000165,7,5528
RAMP_P_000000166,13,5522
RAMP_P_000000167,24,5511
RAMP_P_000000168,63,5472
RAMP_P_000000169,41,5494
RAMP_P_000000170,67,5468
RAMP_P_000000171,35,5500
RAMP_P_000000172,13,5522
RAMP_P_000000173,28,5507
RAMP_P_000000174,4,5531
RAMP_P_000000175,20,5515
RAMP_P_000000176,53,5482
RAMP_P_000000177,4,5531
RAMP_P_000000178,29,5506
RAMP_P_000000179,16,5519
RAMP_P_000000180,39,5496
RAMP_P_000000181,24,5511
RAMP_P_000000182,21,5514
RAMP_P_000000183,27,5508
RAMP_P_000000184,69,5466
RAMP_P_000000185,1,5534
RAMP_P_000000186,10,5525
RAMP_P_000000187,14,5521
RAMP_P_000000188,65,5470
RAMP_P_000000189,4,5531
RAMP_P_000000190,12,5523
RAMP_P_000000191,2,5533
RAMP_P_000000192,12,5523
RAMP_P_000000193,59,5476
RAMP_P_000000194,28,5507
RAMP_P_000000195,27,5508
RAMP_P_000000196,29,5506
RAMP_P_000000197,73,5462
RAMP_P_000000198,53,5482
RAMP_P_000000199,9,5526
RAMP_P_000000200,65,5470
RAMP_P_000000201,59,5476
RAMP_P_000000202,5,5530
RAMP_P_000000203,65,5470
RAMP_P_000000204,14,5521
RAMP_P_000000205,4,5531
RAMP_P_000000206,65,5470
RAMP_P_000000207,59,5476
RAMP_P_000000208,4,5531
RAMP_P_000000209,4,5531
RAMP_P_000000210,68,5467
RAMP_P_000000211,20,5515
RAMP_P_000000212,4,5531
RAMP_P_000000213,34,5501
RAMP_P_000000214,7,5528
RAMP_P_000000215,11,5524
RAMP_P_000000216,35,5500
RAMP_P_000000217,10,5525
RAMP_P_000000218,45,5490
RAMP_P_000000219,12,5523
RAMP_P_000000220,8,5527
RAMP_P_000000221,11,5524
RAMP_P_000000222,24,5511
RAMP_P_000000223,9,5526
RAMP_P_000000224,38,5497
RAMP_P_000000225,4,5531
RAMP_P_000000226,7,5528
RAMP_P_000000227,2,5533
RAMP_P_000000228,65,5470
RAMP_P_000000229,3,5532
RAMP_P_000000230,8,5527
RAMP_P_000000231,15,5520
RAMP_P_000000232,7,5528
RAMP_P_000000233,43,5492
RAMP_P_000000234,4,5531
RAMP_P_000000235,63,5472
RAMP_P_000000236,46,5489
RAMP_P_000000237,15,5520
RAMP_P_000000238,63,5472
RAMP_P_000000239,26,5509
RAMP_P_000000240,11,5524
RAMP_P_000000241,12,5523
RAMP_P_000000242,5,5530
RAMP_P_000000243,11,5524
RAMP_P_000000244,29,5506
RAMP_P_000000245,39,5496
RAMP_P_000000246,58,5477
RAMP_P_000000247,32,5503
RAMP_P_000000248,0,5535
RAMP_P_000000249,0,5535
RAMP_P_000000250,14,5521
RAMP_P_000000251,37,5498
RAMP_P_000000252,29,5506
RAMP_P_000000253,34,5501
RAMP_P_000000254,14,5521
RAMP_P_000000255,12,5523
RAMP_P_000000256,12,5523
RAMP_P_000000257,11,5524
RAMP_P_000000258,2,5533
RAMP_P_000000259,39,5496
RAMP_P_000000260,20,5515
RAMP_P_000000261,35,5500
RAMP_P_000000262,68,5467
RAMP_P_000000263,29,5506
RAMP_P_000000264,16,5519
RAMP_P_000000265,14,5521
RAMP_P_000000266,11,5524
RAMP_P_000000267,65,5470
RAMP_P_000000268,45,5490
RAMP_P_000000269,55,5480
RAMP_P_000000270,28,5507
RAMP_P_000000271,12,5523
RAMP_P_000000272,32,5503
RAMP_P_000000273,5,5530
RAMP_P_000000274,39,5496
RAMP_P_000000275,39,5496
RAMP_P_000000276,19,5516
RAMP_P_000000277,65,5470
RAMP_P_000000278,73,5462
RAMP_P_000000279,7,5528
RAMP_P_000000280,29,5506
RAMP_P_000000281,9,5526
RAMP_P_000000282,35,5500
RAMP_P_000000283,3,5532
RAMP_P_000000284,20,5515
RAMP_P_000000285,65,5470
RAMP_P_000000286,42,5493
RAMP_P_000000287,73,5462
RAMP_P_000000288,20,5515
RAMP_P_000000289,13,5522
RAMP_P_000000290,68,5467
RAMP_P_000000291,28,5507
RAMP_P_000000292,29,5506
RAMP_P_000000293,53,5482
RAMP_P_000000294,32,5503
RAMP_P_000000295,59,5476
RAMP_P_000000296,53,5482
RAMP_P_000000297,10,5525
RAMP_P_000000298,31,5504
RAMP_P_000000299,12,5523
RAMP_P_000000300,45,5490
RAMP_P_000000301,22,5513
RAMP_P_000000302,30,5505
RAMP_P_000000303,28,5507
RAMP_P_000000304,20,5515
RAMP_P_000000305,85,5450
RAMP_P_000000306,20,5515
RAMP_P_000000307,4,5531
RAMP_P_000000308,12,5523
RAMP_P_000000309,29,5506
RAMP_P_000000310,13,5522
RAMP_P_000000311,53,5482
RAMP_P_000000312,12,5523
RAMP_P_000000313,65,5470
RAMP_P_000000314,65,5470
RAMP_P_000000315,11,5524
RAMP_P_000000316,18,5517
RAMP_P_000000317,46,5489
RAMP_P_000000318,11,5524
RAMP_P_000000319,45,5490
RAMP_P_000000320,26,5509
RAMP_P_000000321,7,5528
RAMP_P_000000322,43,5492
RAMP_P_000000323,32,5503
RAMP_P_000000324,84,5451
RAMP_P_000000325,11,5524
RAMP_P_000000326,12,5523
RAMP_P_000000327,65,5470
RAMP_P_000000328,1,5534
RAMP_P_000000329,29,5506
RAMP_P_000000330,43,5492
RAMP_P_000000331,32,5503
RAMP_P_000000332,43,5492
RAMP_P_000000333,8,5527
RAMP_P_000000334,4,5531
RAMP_P_000000335,25,5510
RAMP_P_000000336,11,5524
RAMP_P_000000337,8,5527
RAMP_P_000000338,4,5531
RAMP_P_000000339,65,5470
RAMP_P_000000340,20,5515
RAMP_P_000000341,25,5510
RAMP_P_000000342,33,5502
RAMP_P_000000343,4,5531
RAMP_P_000000344,7,5528
RAMP_P_000000345,55,5480
RAMP_P_000000346,19,5516
RAMP_P_000000347,35,5500
RAMP_P_000000348,46,5489
RAMP_P_000000349,43,5492
RAMP_P_000000350,1,5534
RAMP_P_000000351,28,5507
RAMP_P_000000352,11,5524
RAMP_P_000000353,47,5488
RAMP_P_000000354,7,5528
RAMP_P_000000355,20,5515
RAMP_P_000000356,45,5490
RAMP_P_000000357,12,5523
RAMP_P_000000358,35,5500
RAMP_P_000000359,14,5521
RAMP_P_000000360,7,5528
RAMP_P_000000361,73,5462
RAMP_P_000000362,5,5530
RAMP_P_000000363,5,5530
RAMP_P_000000364,28,5507
RAMP_P_000000365,8,5527
RAMP_P_000000366,12,5523
RAMP_P_000000367,8,5527
RAMP_P_000000368,20,5515
RAMP_P_000000369,8,5527
RAMP_P_000000370,32,5503
RAMP_P_000000371,0,5535
RAMP_P_000000372,8,5527
RAMP_P_000000373,15,5520
RAMP_P_000000374,7,5528
RAMP_P_000000375,32,5503
RAMP_P_000000376,35,5500
RAMP_P_000000377,20,5515
RAMP_P_000000378,31,5504
RAMP_P_000000379,49,5486
RAMP_P_000000380,12,5523
RAMP_P_000000381,11,5524
RAMP_P_000000382,12,5523
RAMP_P_000000383,7,5528
RAMP_P_000000384,34,5501
RAMP_P_000000385,7,5528
RAMP_P_000000386,3,5532
RAMP_P_000000387,7,5528
RAMP_P_000000388,29,5506
RAMP_P_000000389,19,5516
RAMP_P_000000390,14,5521
RAMP_P_000000391,11,5524
RAMP_P_000000392,55,5480
RAMP_P_000000393,20,5515
RAMP_P_000000394,12,5523
RAMP_P_000000395,11,5524
RAMP_P_000000396,43,5492
RAMP_P_000000397,46,5489
RAMP_P_000000398,9,5526
RAMP_P_000000399,73,5462
RAMP_P_000000400,19,5516
RAMP_P_000000401,19,5516
RAMP_P_000000402,4,5531
RAMP_P_000000403,59,5476
RAMP_P_000000404,12,5523
RAMP_P_000000405,59,5476
RAMP_P_000000406,20,5515
RAMP_P_000000407,1,5534
RAMP_P_000000408,12,5523
RAMP_P_000000409,42,5493
RAMP_P_000000410,24,5511
RAMP_P_000000411,5,5530
RAMP_P_000000412,43,5492
RAMP_P_000000413,27,5508
RAMP_P_000000414,7,5528
RAMP_P_000000415,26,5509
RAMP_P_000000416,11,5524
RAMP_P_000000417,6,5529
RAMP_P_000000418,60,5475
RAMP_P_000000419,12,5523
RAMP_P_000000420,64,5471
RAMP_P_000000421,11,5524
RAMP_P_000000422,65,5470
RAMP_P_000000423,49,5486
RAMP_P_000000424,73,5462
RAMP_P_000000425,12,5523
RAMP_P_000000426,9,5526
RAMP_P_000000427,3,5532
RAMP_P_000000428,26,5509
RAMP_P_000000429,5,5530
RAMP_P_000000430,27,5508
RAMP_P_000000431,39,5496
RAMP_P_000000432,29,5506
RAMP_P_000000433,17,5518
RAMP_P_000000434,17,5518
RAMP_P_000000435,38,5497
RAMP_P_000000436,12,5523
RAMP_P_000000437,53,5482
RAMP_P_000000438,59,5476
RAMP_P_000000439,27,5508
RAMP_P_000000440,20,5515
RAMP_P_000000441,12,5523
RAMP_P_000000442,32,5503
RAMP_P_000000443,68,5467
RAMP_P_000000444,19,5516
RAMP_P_000000445,14,5521
RAMP_P_000000446,4,5531
RAMP_P_000000447,45,5490
RAMP_P_000000448,35,5500
RAMP_P_000000449,68,5467
RAMP_P_000000450,35,5500
RAMP_P_000000451,49,5486
RAMP_P_000000452,5,5530
RAMP_P_000000453,8,5527
RAMP_P_000000454,40,5495
RAMP_P_000000455,11,5524
RAMP_P_000000456,3,5532
RAMP_P_000000457,23,5512
RAMP_P_000000458,9,5526
RAMP_P_000000459,5,5530
RAMP_P_000000460,12,5523
RAMP_P_000000461,33,5502
RAMP_P_000000462,46,5489
RAMP_P_000000463,8,5527
RAMP_P_000000464,14,5521
RAMP_P_000000465,12,5523
RAMP_P_000000466,2,5533
RAMP_P_000000467,6,5529
RAMP_P_000000468,16,5519
RAMP_P_000000469,32,5503
RAMP_P_000000470,4,5531
RAMP_P_000000471,3,5532
RAMP_P_000000472,5,5530
RAMP_P_000000473,79,5456
RAMP_P_000000474,14,5521
RAMP_P_000000475,9,5526
RAMP_P_000000476,39,5496
RAMP_P_000000477,11,5524
RAMP_P_000000478,35,5500
RAMP_P_000000479,24,5511
RAMP_P_000000480,12,5523
RAMP_P_000000481,19,5516
RAMP_P_000000482,25,5510
RAMP_P_000000483,35,5500
RAMP_P_000000484,6,5529
RAMP_P_000000485,9,5526
RAMP_P_000000486,9,5526
RAMP_P_000000487,20,5515
RAMP_P_000000488,30,5505
RAMP_P_000000489,4,5531
RAMP_P_000000490,46,5489
RAMP_P_000000491,4,5531
RAMP_P_000000492,13,5522
RAMP_P_000000493,27,5508
RAMP_P_000000494,6,5529
RAMP_P_000000495,20,5515
RAMP_P_000000496,66,5469
RAMP_P_000000497,21,5514
RAMP_P_000000498,43,5492
RAMP_P_000000499,29,5506
RAMP_P_000000500,7,5528
RAMP_P_000000501,9,5526
RAMP_P_000000502,59,5476
RAMP_P_000000503,3,5532
RAMP_P_000000504,32,5503
RAMP_P_000000505,26,5509
RAMP_P_000000506,11,5524
RAMP_P_000000507,43,5492
RAMP_P_000000508,65,5470
RAMP_P_000000509,35,5500
RAMP_P_000000510,12,5523
RAMP_P_000000511,17,5518
RAMP_P_000000512,43,5492
RAMP_P_000000513,24,5511
RAMP_P_000000514,49,5486
RAMP_P_000000515,17,5518
RAMP_P_000000516,13,5522
RAMP_P_000000517,59,5476
RAMP_P_000000518,8,5527
RAMP_P_000000519,73,5462
RAMP_P_000000520,53,5482
RAMP_P_000000521,5,5530
RAMP_P_000000522,55,5480
RAMP_P_000000523,5,5530
RAMP_P_000000524,7,5528
RAMP_P_000000525,9,5526
RAMP_P_000000526,4,5531
RAMP_P_000000527,11,5524
RAMP_P_000000528,13,5522
RAMP_P_000000529,31,5504
RAMP_P_000000530,0,5535
RAMP_P_000000531,9,5526
RAMP_P_000000532,19,5516
RAMP_P_000000533,21,5514
RAMP_P_000000534,10,5525
RAMP_P_000000535,12,5523
RAMP_P_000000536,9,5526
RAMP_P_000000537,1,5534
RAMP_P_000000538,46,5489
RAMP_P_000000539,4,5531
RAMP_P_000000540,10,5525
RAMP_P_000000541,63,5472
RAMP_P_000000542,65,5470
RAMP_P_000000543,73,5462
RAMP_P_000000544,20,5515
RAMP_P_000000545,20,5515
RAMP_P_000000546,59,5476
RAMP_P_000000547,7,5528
RAMP_P_000000548,39,5496
RAMP_P_000000549,21,5514
RAMP_P_000000550,37,5498
RAMP_P_000000551,0,5535
RAMP_P_000000552,20,5515
RAMP_P_000000553,38,5497
RAMP_P_000000554,11,5524
RAMP_P_000000555,39,5496
RAMP_P_000000556,42,5493
RAMP_P_000000557,14,5521
RAMP_P_000000558,8,5527
RAMP_P_000000559,7,5528
RAMP_P_000000560,8,5527
RAMP_P_000000561,46,5489
RAMP_P_000000562,11,5524
RAMP_P_000000563,9,5526
RAMP_P_000000564,59,5476
RAMP_P_000000565,29,5506
RAMP_P_000000566,4,5531
RAMP_P_000000567,21,5514
RAMP_P_000000568,65,5470
RAMP_P_000000569,7,5528
RAMP_P_000000570,11,5524
RAMP_P_000000571,63,5472
RAMP_P_000000572,4,5531
RAMP_P_000000573,28,5507
RAMP_P_000000574,65,5470
RAMP_P_000000575,18,5517
RAMP_P_000000576,43,5492
RAMP_P_000000577,25,5510
RAMP_P_000000578,43,5492
RAMP_P_000000579,12,5523
RAMP_P_000000580,11,5524
RAMP_P_000000581,19,5516
RAMP_P_000000582,36,5499
RAMP_P_000000583,10,5525
RAMP_P_000000584,59,5476
RAMP_P_000000585,20,5515
RAMP_P_000000586,43,5492
RAMP_P_000000587,8,5527
RAMP_P_000000588,39,5496
RAMP_P_000000589,7,5528
RAMP_P_000000590,25,5510
RAMP_P_000000591,10,5525
RAMP_P_000000592,18,5517
RAMP_P_000000593,5,5530
RAMP_P_000000594,45,5490
RAMP_P_000000595,8,5527
RAMP_P_000000596,71,5464
RAMP_P_000000597,20,5515
RAMP_P_000000598,22,5513
RAMP_P_000000599,10,5525
RAMP_P_000000600,73,5462
RAMP_P_000000601,8,5527
RAMP_P_000000602,8,5527
RAMP_P_000000603,65,5470
RAMP_P_000000604,20,5515
RAMP_P_000000605,12,5523
RAMP_P_000000606,11,5524
RAMP_P_000000607,11,5524
RAMP_P_000000608,7,5528
RAMP_P_000000609,45,5490
RAMP_P_000000610,46,5489
RAMP_P_000000611,4,5531
RAMP_P_000000612,28,5507
RAMP_P_000000613,65,5470
RAMP_P_000000614,18,5517
RAMP_P_000000615,3,5532
RAMP_P_000000616,2,5533
RAMP_P_000000617,55,5480
RAMP_P_000000618,9,5526
RAMP_P_000000619,12,5523
RAMP_P_000000620,12,5523
RAMP_P_000000621,11,5524
RAMP_P_000000622,7,5528
RAMP_P_000000623,42,5493
RAMP_P_000000624,34,5501
RAMP_P_000000625,7,5528
RAMP_P_000000626,17,5518
RAMP_P_000000627,65,5470
RAMP_P_000000628,2,5533
RAMP_P_000000629,15,5520
RAMP_P_000000630,0,5535
RAMP_P_000000631,20,5515
RAMP_P_000000632,7,5528
RAMP_P_000000633,73,5462
RAMP_P_000000634,21,5514
RAMP_P_000000635,65,5470
RAMP_P_000000636,13,5522
RAMP_P_000000637,45,5490
RAMP_P_000000638,10,5525
RAMP_P_000000639,29,5506
RAMP_P_000000640,9,5526
RAMP_P_000000641,9,5526
RAMP_P_000000642,25,5510
RAMP_P_000000643,66,5469
RAMP_P_000000644,33,5502
RAMP_P_000000645,9,5526
RAMP_P_000000646,4,5531
RAMP_P_000000647,12,5523
RAMP_P_000000648,5,5530
RAMP_P_000000649,46,5489
RAMP_P_000000650,11,5524
RAMP_P_000000651,39,5496
RAMP_P_000000652,73,5462
RAMP_P_000000653,53,5482
RAMP_P_000000654,6,5529
RAMP_P_000000655,11,5524
RAMP_P_000000656,65,5470
RAMP_P_000000657,15,5520
RAMP_P_000000658,12,5523
RAMP_P_000000659,9,5526
RAMP_P_000000660,39,5496
RAMP_P_000000661,31,5504
RAMP_P_000000662,17,5518
RAMP_P_000000663,12,5523
RAMP_P_000000664,20,5515
RAMP_P_000000665,59,5476
RAMP_P_000000666,27,5508
RAMP_P_000000667,73,5462
RAMP_P_000000668,46,5489
RAMP_P_000000669,17,5518
RAMP_P_000000670,73,5462
RAMP_P_000000671,7,5528
RAMP_P_000000672,20,5515
RAMP_P_000000673,9,5526
RAMP_P_000000674,34,5501
RAMP_P_000000675,65,5470
RAMP_P_000000676,12,5523
RAMP_P_000000677,18,5517
RAMP_P_000000678,43,5492
RAMP_P_000000679,32,5503
RAMP_P_000000680,43,5492
RAMP_P_000000681,11,5524
RAMP_P_000000682,11,5524
RAMP_P_000000683,14,5521
RAMP_P_000000684,28,5507
RAMP_P_000000685,11,5524
RAMP_P_000000686,83,5452
RAMP_P_000000687,17,5518
RAMP_P_000000688,7,5528
RAMP_P_000000689,12,5523
RAMP_P_000000690,64,5471
RAMP_P_000000691,7,5528
RAMP_P_000000692,7,5528
RAMP_P_000000693,17,5518
RAMP_P_000000694,4,5531
RAMP_P_000000695,16,5519
RAMP_P_000000696,4,5531
RAMP_P_000000697,21,5514
RAMP_P_000000698,65,5470
RAMP_P_000000699,14,5521
RAMP_P_000000700,65,5470
RAMP_P_000000701,42,5493
RAMP_P_000000702,38,5497
RAMP_P_000000703,9,5526
RAMP_P_000000704,9,5526
RAMP_P_000000705,11,5524
RAMP_P_000000706,11,5524
RAMP_P_000000707,42,5493
RAMP_P_000000708,11,5524
RAMP_P_000000709,32,5503
RAMP_P_000000710,20,5515
RAMP_P_000000711,11,5524
RAMP_P_000000712,7,5528
RAMP_P_000000713,2,5533
RAMP_P_000000714,7,5528
RAMP_P_000000715,46,5489
RAMP_P_000000716,32,5503
RAMP_P_000000717,11,5524
RAMP_P_000000718,13,5522
RAMP_P_000000719,12,5523
RAMP_P_000000720,9,5526
RAMP_P_000000721,60,5475
RAMP_P_000000722,45,5490
RAMP_P_000000723,66,5469
RAMP_P_000000724,9,5526
RAMP_P_000000725,11,5524
RAMP_P_000000726,65,5470
RAMP_P_000000727,8,5527
RAMP_P_000000728,6,5529
RAMP_P_000000729,1,5534
RAMP_P_000000730,0,5535
RAMP_P_000000731,3,5532
RAMP_P_000000732,0,5535
RAMP_P_000000733,7,5528
RAMP_P_000000734,0,5535
RAMP_P_000000735,5,5530
RAMP_P_000000736,0,5535
RAMP_P_000000737,0,5535
RAMP_P_000000738,0,5535
RAMP_P_000000739,0,5535
RAMP_P_000000740,3,5532
RAMP_P_000000741,7,5528
RAMP_P_000000742,0,5535
RAMP_P_000000744,5,5530
RAMP_P_000000745,9,5526
RAMP_P_000000746,2,5533
RAMP_P_000000747,0,5535
RAMP_P_000000748,0,5535
RAMP_P_000000749,0,5535
RAMP_P_000000750,0,5535
RAMP_P_000000751,0,5535
RAMP_P_000000752,1,5534
RAMP_P_000000753,0,5535
RAMP_P_000000754,0,5535
RAMP_P_000000755,0,5535
RAMP_P_000000756,1,5534
RAMP_P_000000757,1,5534
RAMP_P_000000758,0,5535
RAMP_P_000000759,0,5535
RAMP_P_000000760,0,5535
RAMP_P_000000761,3,5532
RAMP_P_000000762,0,5535
RAMP_P_000000763,0,5535
RAMP_P_000000764,0,5535
RAMP_P_000000765,2,5533
RAMP_P_000000766,16,5519
RAMP_P_000000767,0,5535
RAMP_P_000000768,0,5535
RAMP_P_000000769,2,5533
RAMP_P_000000770,0,5535
RAMP_P_000000771,0,5535
RAMP_P_000000772,0,5535
RAMP_P_000000773,12,5523
RAMP_P_000000774,0,5535
RAMP_P_000000775,2,5533
RAMP_P_000000776,0,5535
RAMP_P_000000777,2,5533
RAMP_P_000000778,0,5535
RAMP_P_000000779,6,5529
RAMP_P_000000780,0,5535
RAMP_P_000000781,0,5535
RAMP_P_000000782,38,5497
RAMP_P_000000783,0,5535
RAMP_P_000000784,0,5535
RAMP_P_000000785,0,5535
RAMP_P_000000786,0,5535
RAMP_P_000000787,8,5527
RAMP_P_000000788,15,5520
RAMP_P_000000789,0,5535
RAMP_P_000000790,0,5535
RAMP_P_000000791,1,5534
RAMP_P_000000792,0,5535
RAMP_P_000000793,0,5535
RAMP_P_000000794,6,5529
RAMP_P_000000795,0,5535
RAMP_P_000000796,0,5535
RAMP_P_000000797,0,5535
RAMP_P_000000798,0,5535
RAMP_P_000000799,0,5535
RAMP_P_000000800,2,5533
RAMP_P_000000801,6,5529
RAMP_P_000000802,0,5535
RAMP_P_000000803,0,5535
RAMP_P_000000804,1,5534
RAMP_P_000000805,2,5533
RAMP_P_000000806,0,5535
RAMP_P_000000807,1,5534
RAMP_P_000000808,0,5535
RAMP_P_000000809,0,5535
RAMP_P_000000810,0,5535
RAMP_P_000000811,0,5535
RAMP_P_000000812,0,5535
RAMP_P_000000813,0,5535
RAMP_P_000000814,15,5520
RAMP_P_000000815,0,5535
RAMP_P_000000816,0,5535
RAMP_P_000000817,17,5518
RAMP_P_000000818,0,5535
RAMP_P_000000819,0,5535
RAMP_P_000000820,0,5535
RAMP_P_000000821,0,5535
RAMP_P_000000822,2,5533
RAMP_P_000000823,0,5535
RAMP_P_000000824,16,5519
RAMP_P_000000825,1,5534
RAMP_P_000000826,1,5534
RAMP_P_000000827,0,5535
RAMP_P_000000828,0,5535
RAMP_P_000000829,0,5535
RAMP_P_000000830,14,5521
RAMP_P_000000831,26,5509
RAMP_P_000000832,0,5535
RAMP_P_000000833,26,5509
RAMP_P_000000834,0,5535
RAMP_P_000000835,0,5535
RAMP_P_000000836,0,5535
RAMP_P_000000837,2,5533
RAMP_P_000000838,0,5535
RAMP_P_000000839,2,5533
RAMP_P_000000840,2,5533
RAMP_P_000000841,0,5535
RAMP_P_000000842,25,5510
RAMP_P_000000843,0,5535
RAMP_P_000000844,0,5535
RAMP_P_000000845,4,5531
RAMP_P_000000846,0,5535
RAMP_P_000000847,29,5506
RAMP_P_000000848,0,5535
RAMP_P_000000849,0,5535
RAMP_P_000000850,10,5525
RAMP_P_000000851,1,5534
RAMP_P_000000852,4,5531
RAMP_P_000000853,0,5535
RAMP_P_000000854,2,5533
RAMP_P_000000855,1,5534
RAMP_P_000000856,0,5535
RAMP_P_000000857,0,5535
RAMP_P_000000858,1,5534
RAMP_P_000000859,3,5532
RAMP_P_000000860,0,5535
RAMP_P_000000861,0,5535
RAMP_P_000000862,15,5520
RAMP_P_000000863,0,5535
RAMP_P_000000864,5,5530
RAMP_P_000000865,1,5534
RAMP_P_000000866,4,5531
RAMP_P_000000867,0,5535
RAMP_P_000000868,0,5535
RAMP_P_000000869,0,5535
RAMP_P_000000870,1,5534
RAMP_P_000000871,0,5535
RAMP_P_000000872,0,5535
RAMP_P_000000873,0,5535
RAMP_P_000000874,3,5532
RAMP_P_000000875,2,5533
RAMP_P_000000876,1,5534
RAMP_P_000000877,0,5535
RAMP_P_000000878,0,5535
RAMP_P_000000879,0,5535
RAMP_P_000000880,4,5531
RAMP_P_000000881,0,5535
RAMP_P_000000882,0,5535
RAMP_P_000000883,0,5535
RAMP_P_000000884,0,5535
RAMP_P_000000885,0,5535
RAMP_P_000000886,0,5535
RAMP_P_000000887,0,5535
RAMP_P_000000888,0,5535
RAMP_P_000000889,2,5533
RAMP_P_000000890,4,5531
RAMP_P_000000891,0,5535
RAMP_P_000000892,0,5535
RAMP_P_000000893,0,5535
RAMP_P_000000894,0,5535
RAMP_P_000000895,6,5529
RAMP_P_000000896,0,5535
RAMP_P_000000897,10,5525
RAMP_P_000000898,0,5535
RAMP_P_000000899,0,5535
RAMP_P_000000900,0,5535
RAMP_P_000000901,2,5533
RAMP_P_000000902,0,5535
RAMP_P_000000903,0,5535
RAMP_P_000000904,1,5534
RAMP_P_000000905,2,5533
RAMP_P_000000906,1,5534
RAMP_P_000000907,0,5535
RAMP_P_000000908,0,5535
RAMP_P_000000909,0,5535
RAMP_P_000000910,0,5535
RAMP_P_000000911,0,5535
RAMP_P_000000912,0,5535
RAMP_P_000000913,0,5535
RAMP_P_000000914,0,5535
RAMP_P_000000915,0,5535
RAMP_P_000000916,0,5535
RAMP_P_000000917,2,5533
RAMP_P_000000918,2,5533
RAMP_P_000000919,1,5534
RAMP_P_000000920,0,5535
RAMP_P_000000921,6,5529
RAMP_P_000000922,0,5535
RAMP_P_000000923,3,5532
RAMP_P_000000924,0,5535
RAMP_P_000000925,0,5535
RAMP_P_000000926,1,5534
RAMP_P_000000927,0,5535
RAMP_P_000000928,1,5534
RAMP_P_000000929,0,5535
RAMP_P_000000930,0,5535
RAMP_P_000000931,0,5535
RAMP_P_000000932,0,5535
RAMP_P_000000933,2,5533
RAMP_P_000000934,7,5528
RAMP_P_000000935,0,5535
RAMP_P_000000936,12,5523
RAMP_P_000000937,0,5535
RAMP_P_000000938,0,5535
RAMP_P_000000939,0,5535
RAMP_P_000000940,0,5535
RAMP_P_000000941,5,5530
RAMP_P_000000942,4,5531
RAMP_P_000000943,0,5535
RAMP_P_000000944,6,5529
RAMP_P_000000945,1,5534
RAMP_P_000000946,0,5535
RAMP_P_000000947,2,5533
RAMP_P_000000948,0,5535
RAMP_P_000000949,0,5535
RAMP_P_000000950,0,5535
RAMP_P_000000951,0,5535
RAMP_P_000000952,0,5535
RAMP_P_000000953,2,5533
RAMP_P_000000954,0,5535
RAMP_P_000000955,1,5534
RAMP_P_000000956,0,5535
RAMP_P_000000957,0,5535
RAMP_P_000000958,0,5535
RAMP_P_000000959,0,5535
RAMP_P_000000960,6,5529
RAMP_P_000000961,0,5535
RAMP_P_000000962,3,5532
RAMP_P_000000963,1,5534
RAMP_P_000000964,11,5524
RAMP_P_000000965,6,5529
RAMP_P_000000966,0,5535
RAMP_P_000000967,10,5525
RAMP_P_000000968,1,5534
RAMP_P_000000969,0,5535
RAMP_P_000000970,1,5534
RAMP_P_000000971,4,5531
RAMP_P_000000972,3,5532
RAMP_P_000000973,1,5534
RAMP_P_000000974,4,5531
RAMP_P_000000975,0,5535
RAMP_P_000000976,5,5530
RAMP_P_000000977,0,5535
RAMP_P_000000978,0,5535
RAMP_P_000000979,0,5535
RAMP_P_000000980,0,5535
RAMP_P_000000981,12,5523
RAMP_P_000000982,0,5535
RAMP_P_000000983,0,5535
RAMP_P_000000984,0,5535
RAMP_P_000000985,0,5535
RAMP_P_000000986,0,5535
RAMP_P_000000987,1,5534
RAMP_P_000000988,0,5535
RAMP_P_000000989,9,5526
RAMP_P_000000990,1,5534
RAMP_P_000000991,1,5534
RAMP_P_000000992,6,5529
RAMP_P_000000993,0,5535
RAMP_P_000000994,0,5535
RAMP_P_000000995,2,5533
RAMP_P_000000996,12,5523
RAMP_P_000000997,0,5535
RAMP_P_000000998,0,5535
RAMP_P_000000999,42,5493
RAMP_P_000001000,4,5531
RAMP_P_000001001,4,5531
RAMP_P_000001002,0,5535
RAMP_P_000001003,0,5535
RAMP_P_000001004,0,5535
RAMP_P_000001005,0,5535
RAMP_P_000001006,0,5535
RAMP_P_000001007,0,5535
RAMP_P_000001008,0,5535
RAMP_P_000001009,0,5535
RAMP_P_000001010,4,5531
RAMP_P_000001011,1,5534
RAMP_P_000001012,11,5524
RAMP_P_000001013,0,5535
RAMP_P_000001014,0,5535
RAMP_P_000001015,0,5535
RAMP_P_000001016,4,5531
RAMP_P_000001017,0,5535
RAMP_P_000001018,0,5535
RAMP_P_000001019,0,5535
RAMP_P_000001020,1,5534
RAMP_P_000001021,0,5535
RAMP_P_000001022,0,5535
RAMP_P_000001023,2,5533
RAMP_P_000001024,0,5535
RAMP_P_000001025,3,5532
RAMP_P_000001026,0,5535
RAMP_P_000001027,3,5532
RAMP_P_000001028,0,5535
RAMP_P_000001029,0,5535
RAMP_P_000001030,0,5535
RAMP_P_000001031,0,5535
RAMP_P_000001032,2,5533
RAMP_P_000001033,0,5535
RAMP_P_000001034,0,5535
RAMP_P_000001035,2,5533
RAMP_P_000001036,0,5535
RAMP_P_000001037,0,5535
RAMP_P_000001038,0,5535
RAMP_P_000001039,0,5535
RAMP_P_000001040,0,5535
RAMP_P_000001041,0,5535
RAMP_P_000001042,0,5535
RAMP_P_000001043,0,5535
RAMP_P_000001044,0,5535
RAMP_P_000001045,11,5524
RAMP_P_000001046,11,5524
RAMP_P_000001047,0,5535
RAMP_P_000001048,0,5535
RAMP_P_000001049,0,5535
RAMP_P_000001050,0,5535
RAMP_P_000001051,0,5535
RAMP_P_000001052,2,5533
RAMP_P_000001053,0,5535
RAMP_P_000001054,2,5533
RAMP_P_000001055,1,5534
RAMP_P_000001056,7,5528
RAMP_P_000001057,0,5535
RAMP_P_000001058,0,5535
RAMP_P_000001059,14,5521
RAMP_P_000001060,17,5518
RAMP_P_000001061,0,5535
RAMP_P_000001062,1,5534
RAMP_P_000001063,3,5532
RAMP_P_000001064,2,5533
RAMP_P_000001065,0,5535
RAMP_P_000001066,7,5528
RAMP_P_000001067,7,5528
RAMP_P_000001068,0,5535
RAMP_P_000001069,0,5535
RAMP_P_000001070,2,5533
RAMP_P_000001071,0,5535
RAMP_P_000001072,0,5535
RAMP_P_000001073,0,5535
RAMP_P_000001074,0,5535
RAMP_P_000001075,0,5535
RAMP_P_000001076,4,5531
RAMP_P_000001077,2,5533
RAMP_P_000001078,0,5535
RAMP_P_000001079,0,5535
RAMP_P_000001080,0,5535
RAMP_P_000001081,11,5524
RAMP_P_000001082,1,5534
RAMP_P_000001083,0,5535
RAMP_P_000001084,0,5535
RAMP_P_000001085,0,5535
RAMP_P_000001086,2,5533
RAMP_P_000001087,0,5535
RAMP_P_000001088,6,5529
RAMP_P_000001089,0,5535
RAMP_P_000001090,0,5535
RAMP_P_000001091,4,5531
RAMP_P_000001092,9,5526
RAMP_P_000001093,0,5535
RAMP_P_000001094,0,5535
RAMP_P_000001095,0,5535
RAMP_P_000001096,1,5534
RAMP_P_000001097,1,5534
RAMP_P_000001098,0,5535
RAMP_P_000001099,0,5535
RAMP_P_000001100,0,5535
RAMP_P_000001101,0,5535
RAMP_P_000001102,3,5532
RAMP_P_000001103,7,5528
RAMP_P_000001104,0,5535
RAMP_P_000001105,0,5535
RAMP_P_000001106,2,5533
RAMP_P_000001107,1,5534
RAMP_P_000001108,4,5531
RAMP_P_000001109,5,5530
RAMP_P_000001110,4,5531
RAMP_P_000001111,0,5535
RAMP_P_000001112,16,5519
RAMP_P_000001113,1,5534
RAMP_P_000001114,0,5535
RAMP_P_000001115,2,5533
RAMP_P_000001116,27,5508
RAMP_P_000001117,3,5532
RAMP_P_000001118,2,5533
RAMP_P_000001119,3,5532
RAMP_P_000001120,6,5529
RAMP_P_000001121,4,5531
RAMP_P_000001122,4,5531
RAMP_P_000001123,2,5533
RAMP_P_000001124,4,5531
RAMP_P_000001125,4,5531
RAMP_P_000001126,4,5531
RAMP_P_000001127,0,5535
RAMP_P_000001128,2,5533
RAMP_P_000001129,4,5531
RAMP_P_000001130,6,5529
RAMP_P_000001131,2,5533
RAMP_P_000001132,10,5525
RAMP_P_000001133,4,5531
RAMP_P_000001134,4,5531
RAMP_P_000001135,7,5528
RAMP_P_000001136,2,5533
RAMP_P_000001137,1,5534
RAMP_P_000001138,12,5523
RAMP_P_000001139,2,5533
RAMP_P_000001140,7,5528
RAMP_P_000001141,2,5533
RAMP_P_000001142,9,5526
RAMP_P_000001143,42,5493
RAMP_P_000001144,6,5529
RAMP_P_000001145,19,5516
RAMP_P_000001146,4,5531
RAMP_P_000001147,2,5533
RAMP_P_000001148,2,5533
RAMP_P_000001149,11,5524
RAMP_P_000001150,14,5521
RAMP_P_000001151,6,5529
RAMP_P_000001152,2,5533
RAMP_P_000001153,2,5533
RAMP_P_000001154,5,5530
RAMP_P_000001155,0,5535
RAMP_P_000001156,3,5532
RAMP_P_000001157,0,5535
RAMP_P_000001158,0,5535
RAMP_P_000001159,11,5524
RAMP_P_000001160,4,5531
RAMP_P_000001161,47,5488
RAMP_P_000001162,20,5515
RAMP_P_000001163,4,5531
RAMP_P_000001164,2,5533
RAMP_P_000001165,4,5531
RAMP_P_000001166,28,5507
RAMP_P_000001167,1,5534
RAMP_P_000001168,18,5517
RAMP_P_000001169,0,5535
RAMP_P_000001170,5,5530
RAMP_P_000001171,2,5533
RAMP_P_000001172,1,5534
RAMP_P_000001173,3,5532
RAMP_P_000001174,53,5482
RAMP_P_000001175,6,5529
RAMP_P_000001176,3,5532
RAMP_P_000001177,4,5531
RAMP_P_000001178,6,5529
RAMP_P_000001179,7,5528
RAMP_P_000001180,1,5534
RAMP_P_000001181,6,5529
RAMP_P_000001182,1,5534
RAMP_P_000001183,2,5533
RAMP_P_000001184,4,5531
RAMP_P_000001185,9,5526
RAMP_P_000001186,96,5439
RAMP_P_000001187,29,5506
RAMP_P_000001188,1,5534
RAMP_P_000001189,5,5530
RAMP_P_000001190,1,5534
RAMP_P_000001191,10,5525
RAMP_P_000001192,168,5367
RAMP_P_000001193,4,5531
RAMP_P_000001194,4,5531
RAMP_P_000001195,0,5535
RAMP_P_000001196,0,5535
RAMP_P_000001197,13,5522
RAMP_P_000001198,7,5528
RAMP_P_000001199,4,5531
RAMP_P_000001200,27,5508
RAMP_P_000001201,3,5532
RAMP_P_000001202,2,5533
RAMP_P_000001203,13,5522
RAMP_P_000001204,0,5535
RAMP_P_000001205,7,5528
RAMP_P_000001206,22,5513
RAMP_P_000001207,2,5533
RAMP_P_000001208,2,5533
RAMP_P_000001209,8,5527
RAMP_P_000001210,4,5531
RAMP_P_000001211,11,5524
RAMP_P_000001212,0,5535
RAMP_P_000001213,24,5511
RAMP_P_000001214,5,5530
RAMP_P_000001215,6,5529
RAMP_P_000001216,1,5534
RAMP_P_000001217,3,5532
RAMP_P_000001218,10,5525
RAMP_P_000001219,0,5535
RAMP_P_000001220,0,5535
RAMP_P_000001221,19,5516
RAMP_P_000001222,4,5531
RAMP_P_000001223,7,5528
RAMP_P_000001224,0,5535
RAMP_P_000001225,15,5520
RAMP_P_000001226,0,5535
RAMP_P_000001227,3,5532
RAMP_P_000001228,6,5529
RAMP_P_000001229,0,5535
RAMP_P_000001230,5,5530
RAMP_P_000001231,4,5531
RAMP_P_000001232,6,5529
RAMP_P_000001233,12,5523
RAMP_P_000001234,9,5526
RAMP_P_000001235,5,5530
RAMP_P_000001236,1,5534
RAMP_P_000001237,0,5535
RAMP_P_000001238,8,5527
RAMP_P_000001239,18,5517
RAMP_P_000001240,11,5524
RAMP_P_000001241,8,5527
RAMP_P_000001242,13,5522
RAMP_P_000001243,0,5535
RAMP_P_000001244,15,5520
RAMP_P_000001245,0,5535
RAMP_P_000001246,12,5523
RAMP_P_000001247,7,5528
RAMP_P_000001248,14,5521
RAMP_P_000001249,125,5410
RAMP_P_000001250,4,5531
RAMP_P_000001251,10,5525
RAMP_P_000001252,19,5516
RAMP_P_000001253,14,5521
RAMP_P_000001254,0,5535
RAMP_P_000001255,8,5527
RAMP_P_000001256,1,5534
RAMP_P_000001257,2,5533
RAMP_P_000001258,2,5533
RAMP_P_000001259,47,5488
RAMP_P_000001260,11,5524
RAMP_P_000001261,1,5534
RAMP_P_000001262,0,5535
RAMP_P_000001263,0,5535
RAMP_P_000001264,3,5532
RAMP_P_000001265,0,5535
RAMP_P_000001266,32,5503
RAMP_P_000001267,5,5530
RAMP_P_000001268,0,5535
RAMP_P_000001269,42,5493
RAMP_P_000001270,2,5533
RAMP_P_000001271,13,5522
RAMP_P_000001272,3,5532
RAMP_P_000001273,4,5531
RAMP_P_000001274,5,5530
RAMP_P_000001275,4,5531
RAMP_P_000001276,14,5521
RAMP_P_000001277,7,5528
RAMP_P_000001278,0,5535
RAMP_P_000001279,11,5524
RAMP_P_000001280,15,5520
RAMP_P_000001281,1,5534
RAMP_P_000001282,19,5516
RAMP_P_000001283,0,5535
RAMP_P_000001284,6,5529
RAMP_P_000001285,76,5459
RAMP_P_000001286,4,5531
RAMP_P_000001287,1,5534
RAMP_P_000001288,1,5534
RAMP_P_000001289,4,5531
RAMP_P_000001290,0,5535
RAMP_P_000001291,11,5524
RAMP_P_000001292,0,5535
RAMP_P_000001293,2,5533
RAMP_P_000001294,0,5535
RAMP_P_000001295,3,5532
RAMP_P_000001296,4,5531
RAMP_P_000001297,2,5533
RAMP_P_000001298,0,5535
RAMP_P_000001299,3,5532
RAMP_P_000001300,20,5515
RAMP_P_000001301,4,5531
RAMP_P_000001302,5,5530
RAMP_P_000001303,42,5493
RAMP_P_000001304,0,5535
RAMP_P_000001305,63,5472
RAMP_P_000001306,2,5533
RAMP_P_000001307,0,5535
RAMP_P_000001308,3,5532
RAMP_P_000001309,2,5533
RAMP_P_000001310,24,5511
RAMP_P_000001311,60,5475
RAMP_P_000001312,3,5532
RAMP_P_000001313,5,5530
RAMP_P_000001314,4,5531
RAMP_P_000001315,3,5532
RAMP_P_000001316,6,5529
RAMP_P_000001317,3,5532
RAMP_P_000001318,2,5533
RAMP_P_000001319,4,5531
RAMP_P_000001320,4,5531
RAMP_P_000001321,7,5528
RAMP_P_000001322,2,5533
RAMP_P_000001323,0,5535
RAMP_P_000001324,28,5507
RAMP_P_000001325,0,5535
RAMP_P_000001326,9,5526
RAMP_P_000001327,5,5530
RAMP_P_000001328,6,5529
RAMP_P_000001329,11,5524
RAMP_P_000001330,6,5529
RAMP_P_000001331,68,5467
RAMP_P_000001332,0,5535
RAMP_P_000001333,1,5534
RAMP_P_000001334,0,5535
RAMP_P_000001335,6,5529
RAMP_P_000001336,4,5531
RAMP_P_000001337,79,5456
RAMP_P_000001338,1,5534
RAMP_P_000001339,26,5509
RAMP_P_000001340,3,5532
RAMP_P_000001341,12,5523
RAMP_P_000001342,13,5522
RAMP_P_000001343,4,5531
RAMP_P_000001344,8,5527
RAMP_P_000001345,16,5519
RAMP_P_000001346,2,5533
RAMP_P_000001347,5,5530
RAMP_P_000001348,4,5531
RAMP_P_000001349,15,5520
RAMP_P_000001350,5,5530
RAMP_P_000001351,5,5530
RAMP_P_000001352,13,5522
RAMP_P_000001353,3,5532
RAMP_P_000001354,15,5520
RAMP_P_000001355,10,5525
RAMP_P_000001356,4,5531
RAMP_P_000001357,2,5533
RAMP_P_000001358,3,5532
RAMP_P_000001359,19,5516
RAMP_P_000001360,2,5533
RAMP_P_000001361,3,5532
RAMP_P_000001362,6,5529
RAMP_P_000001363,2,5533
RAMP_P_000001364,2,5533
RAMP_P_000001365,31,5504
RAMP_P_000001366,2,5533
RAMP_P_000001367,2,5533
RAMP_P_000001368,3,5532
RAMP_P_000001369,3,5532
RAMP_P_000001370,5,5530
RAMP_P_000001371,2,5533
RAMP_P_000001372,3,5532
RAMP_P_000001373,4,5531
RAMP_P_000001374,37,5498
RAMP_P_000001375,0,5535
RAMP_P_000001376,26,5509
RAMP_P_000001377,0,5535
RAMP_P_000001378,5,5530
RAMP_P_000001379,5,5530
RAMP_P_000001380,16,5519
RAMP_P_000001381,3,5532
RAMP_P_000001382,2,5533
RAMP_P_000001383,6,5529
RAMP_P_000001384,9,5526
RAMP_P_000001385,10,5525
RAMP_P_000001386,2,5533
RAMP_P_000001387,3,5532
RAMP_P_000001388,9,5526
RAMP_P_000001389,32,5503
RAMP_P_000001390,14,5521
RAMP_P_000001391,6,5529
RAMP_P_000001392,4,5531
RAMP_P_000001393,10,5525
RAMP_P_000001394,4,5531
RAMP_P_000001395,55,5480
RAMP_P_000001396,195,5340
RAMP_P_000001397,5,5530
RAMP_P_000001398,51,5484
RAMP_P_000001399,7,5528
RAMP_P_000001400,0,5535
RAMP_P_000001401,15,5520
RAMP_P_000001402,0,5535
RAMP_P_000001403,9,5526
RAMP_P_000001404,8,5527
RAMP_P_000001405,4,5531
RAMP_P_000001406,0,5535
RAMP_P_000001407,40,5495
RAMP_P_000001408,4,5531
RAMP_P_000001409,0,5535
RAMP_P_000001410,0,5535
RAMP_P_000001411,1,5534
RAMP_P_000001412,0,5535
RAMP_P_000001413,43,5492
RAMP_P_000001414,0,5535
RAMP_P_000001415,46,5489
RAMP_P_000001416,2,5533
RAMP_P_000001417,5,5530
RAMP_P_000001418,7,5528
RAMP_P_000001419,13,5522
RAMP_P_000001420,1,5534
RAMP_P_000001421,14,5521
RAMP_P_000001422,5,5530
RAMP_P_000001423,6,5529
RAMP_P_000001424,25,5510
RAMP_P_000001425,7,5528
RAMP_P_000001426,2,5533
RAMP_P_000001427,15,5520
RAMP_P_000001428,3,5532
RAMP_P_000001429,3,5532
RAMP_P_000001430,3,5532
RAMP_P_000001431,14,5521
RAMP_P_000001432,18,5517
RAMP_P_000001433,148,5387
RAMP_P_000001434,19,5516
RAMP_P_000001435,5,5530
RAMP_P_000001436,1,5534
RAMP_P_000001437,2,5533
RAMP_P_000001438,24,5511
RAMP_P_000001439,30,5505
RAMP_P_000001440,2,5533
RAMP_P_000001441,8,5527
RAMP_P_000001442,8,5527
RAMP_P_000001443,3,5532
RAMP_P_000001444,1,5534
RAMP_P_000001445,0,5535
RAMP_P_000001446,4,5531
RAMP_P_000001447,0,5535
RAMP_P_000001448,21,5514
RAMP_P_000001449,22,5513
RAMP_P_000001450,0,5535
RAMP_P_000001451,3,5532
RAMP_P_000001452,4,5531
RAMP_P_000001453,6,5529
RAMP_P_000001454,0,5535
RAMP_P_000001455,2,5533
RAMP_P_000001456,2,5533
RAMP_P_000001457,4,5531
RAMP_P_000001458,3,5532
RAMP_P_000001459,4,5531
RAMP_P_000001460,3,5532
RAMP_P_000001461,4,5531
RAMP_P_000001462,1,5534
RAMP_P_000001463,2,5533
RAMP_P_000001464,2,5533
RAMP_P_000001465,15,5520
RAMP_P_000001466,13,5522
RAMP_P_000001467,2,5533
RAMP_P_000001468,7,5528
RAMP_P_000001469,3,5532
RAMP_P_000001470,0,5535
RAMP_P_000001471,8,5527
RAMP_P_000001472,0,5535
RAMP_P_000001473,4,5531
RAMP_P_000001474,4,5531
RAMP_P_000001475,2,5533
RAMP_P_000001476,0,5535
RAMP_P_000001477,4,5531
RAMP_P_000001478,2,5533
RAMP_P_000001479,5,5530
RAMP_P_000001480,1,5534
RAMP_P_000001481,9,5526
RAMP_P_000001482,0,5535
RAMP_P_000001483,14,5521
RAMP_P_000001484,14,5521
RAMP_P_000001485,9,5526
RAMP_P_000001486,7,5528
RAMP_P_000001487,0,5535
RAMP_P_000001488,2,5533
RAMP_P_000001489,58,5477
RAMP_P_000001490,15,5520
RAMP_P_000001491,10,5525
RAMP_P_000001492,3,5532
RAMP_P_000001493,348,5187
RAMP_P_000001494,0,5535
RAMP_P_000001495,4,5531
RAMP_P_000001496,7,5528
RAMP_P_000001497,93,5442
RAMP_P_000001498,9,5526
RAMP_P_000001499,4,5531
RAMP_P_000001500,2,5533
RAMP_P_000001501,18,5517
RAMP_P_000001502,8,5527
RAMP_P_000001503,4,5531
RAMP_P_000001504,9,5526
RAMP_P_000001505,6,5529
RAMP_P_000001506,20,5515
RAMP_P_000001507,8,5527
RAMP_P_000001508,0,5535
RAMP_P_000001509,0,5535
RAMP_P_000001510,0,5535
RAMP_P_000001511,1,5534
RAMP_P_000001512,1,5534
RAMP_P_000001513,15,5520
RAMP_P_000001514,1,5534
RAMP_P_000001515,5,5530
RAMP_P_000001516,12,5523
RAMP_P_000001517,34,5501
RAMP_P_000001518,2,5533
RAMP_P_000001519,512,5023
RAMP_P_000001520,0,5535
RAMP_P_000001521,11,5524
RAMP_P_000001522,7,5528
RAMP_P_000001523,59,5476
RAMP_P_000001524,2,5533
RAMP_P_000001525,5,5530
RAMP_P_000001526,16,5519
RAMP_P_000001527,18,5517
RAMP_P_000001528,4,5531
RAMP_P_000001529,12,5523
RAMP_P_000001530,37,5498
RAMP_P_000001531,0,5535
RAMP_P_000001532,2,5533
RAMP_P_000001533,20,5515
RAMP_P_000001534,11,5524
RAMP_P_000001535,22,5513
RAMP_P_000001536,0,5535
RAMP_P_000001537,4,5531
RAMP_P_000001538,2,5533
RAMP_P_000001539,326,5209
RAMP_P_000001540,0,5535
RAMP_P_000001541,35,5500
RAMP_P_000001542,24,5511
RAMP_P_000001543,0,5535
RAMP_P_000001544,0,5535
RAMP_P_000001545,2,5533
RAMP_P_000001546,2,5533
RAMP_P_000001547,3,5532
RAMP_P_000001548,0,5535
RAMP_P_000001549,28,5507
RAMP_P_000001550,0,5535
RAMP_P_000001551,2,5533
RAMP_P_000001552,3,5532
RAMP_P_000001553,0,5535
RAMP_P_000001554,5,5530
RAMP_P_000001555,9,5526
RAMP_P_000001556,2,5533
RAMP_P_000001557,3,5532
RAMP_P_000001558,2,5533
RAMP_P_000001559,13,5522
RAMP_P_000001560,0,5535
RAMP_P_000001561,3,5532
RAMP_P_000001562,9,5526
RAMP_P_000001563,8,5527
RAMP_P_000001564,2,5533
RAMP_P_000001565,10,5525
RAMP_P_000001566,4,5531
RAMP_P_000001567,3,5532
RAMP_P_000001568,1,5534
RAMP_P_000001569,8,5527
RAMP_P_000001570,1,5534
RAMP_P_000001571,10,5525
RAMP_P_000001572,0,5535
RAMP_P_000001573,2,5533
RAMP_P_000001574,4,5531
RAMP_P_000001575,9,5526
RAMP_P_000001576,4,5531
RAMP_P_000001577,2,5533
RAMP_P_000001578,5,5530
RAMP_P_000001579,2,5533
RAMP_P_000001580,0,5535
RAMP_P_000001581,2,5533
RAMP_P_000001582,3,5532
RAMP_P_000001583,7,5528
RAMP_P_000001584,1,5534
RAMP_P_000001585,4,5531
RAMP_P_000001586,9,5526
RAMP_P_000001587,23,5512
RAMP_P_000001588,6,5529
RAMP_P_000001589,8,5527
RAMP_P_000001590,5,5530
RAMP_P_000001591,0,5535
RAMP_P_000001592,13,5522
RAMP_P_000001593,2,5533
RAMP_P_000001594,7,5528
RAMP_P_000001595,2,5533
RAMP_P_000001596,0,5535
RAMP_P_000001597,8,5527
RAMP_P_000001598,15,5520
RAMP_P_000001599,9,5526
RAMP_P_000001600,0,5535
RAMP_P_000001601,12,5523
RAMP_P_000001602,4,5531
RAMP_P_000001603,3,5532
RAMP_P_000001604,2,5533
RAMP_P_000001605,4,5531
RAMP_P_000001606,2,5533
RAMP_P_000001607,2,5533
RAMP_P_000001608,6,5529
RAMP_P_000001609,5,5530
RAMP_P_000001610,35,5500
RAMP_P_000001611,4,5531
RAMP_P_000001612,2,5533
RAMP_P_000001613,4,5531
RAMP_P_000001614,2,5533
RAMP_P_000001615,16,5519
RAMP_P_000001616,2,5533
RAMP_P_000001617,2,5533
RAMP_P_000001618,1,5534
RAMP_P_000001619,0,5535
RAMP_P_000001620,6,5529
RAMP_P_000001621,20,5515
RAMP_P_000001622,0,5535
RAMP_P_000001623,21,5514
RAMP_P_000001624,0,5535
RAMP_P_000001625,7,5528
RAMP_P_000001626,12,5523
RAMP_P_000001627,0,5535
RAMP_P_000001628,1,5534
RAMP_P_000001629,2,5533
RAMP_P_000001630,0,5535
RAMP_P_000001631,0,5535
RAMP_P_000001632,4,5531
RAMP_P_000001633,10,5525
RAMP_P_000001634,5,5530
RAMP_P_000001635,11,5524
RAMP_P_000001636,13,5522
RAMP_P_000001637,0,5535
RAMP_P_000001638,16,5519
RAMP_P_000001639,0,5535
RAMP_P_000001640,11,5524
RAMP_P_000001641,7,5528
RAMP_P_000001642,24,5511
RAMP_P_000001643,0,5535
RAMP_P_000001644,0,5535
RAMP_P_000001645,0,5535
RAMP_P_000001646,6,5529
RAMP_P_000001647,4,5531
RAMP_P_000001648,2,5533
RAMP_P_000001649,2,5533
RAMP_P_000001650,4,5531
RAMP_P_000001651,2,5533
RAMP_P_000001652,1,5534
RAMP_P_000001653,2,5533
RAMP_P_000001654,34,5501
RAMP_P_000001655,5,5530
RAMP_P_000001656,2,5533
RAMP_P_000001657,1,5534
RAMP_P_000001658,4,5531
RAMP_P_000001659,5,5530
RAMP_P_000001660,10,5525
RAMP_P_000001661,2,5533
RAMP_P_000001662,1,5534
RAMP_P_000001663,15,5520
RAMP_P_000001664,4,5531
RAMP_P_000001665,14,5521
RAMP_P_000001666,1,5534
RAMP_P_000001667,0,5535
RAMP_P_000001668,31,5504
RAMP_P_000001669,4,5531
RAMP_P_000001670,4,5531
RAMP_P_000001671,14,5521
RAMP_P_000001672,5,5530
RAMP_P_000001673,2,5533
RAMP_P_000001674,5,5530
RAMP_P_000001675,2,5533
RAMP_P_000001676,5,5530
RAMP_P_000001677,7,5528
RAMP_P_000001678,1,5534
RAMP_P_000001679,8,5527
RAMP_P_000001680,6,5529
RAMP_P_000001681,0,5535
RAMP_P_000001682,1,5534
RAMP_P_000001683,6,5529
RAMP_P_000001684,2,5533
RAMP_P_000001685,134,5401
RAMP_P_000001686,1,5534
RAMP_P_000001687,9,5526
RAMP_P_000001688,0,5535
RAMP_P_000001689,14,5521
RAMP_P_000001690,11,5524
RAMP_P_000001691,3,5532
RAMP_P_000001692,4,5531
RAMP_P_000001693,0,5535
RAMP_P_000001694,2,5533
RAMP_P_000001695,7,5528
RAMP_P_000001696,4,5531
RAMP_P_000001697,10,5525
RAMP_P_000001698,2,5533
RAMP_P_000001699,39,5496
RAMP_P_000001700,2,5533
RAMP_P_000001701,3,5532
RAMP_P_000001702,17,5518
RAMP_P_000001703,172,5363
RAMP_P_000001704,5,5530
RAMP_P_000001705,1,5534
RAMP_P_000001706,1,5534
RAMP_P_000001707,5,5530
RAMP_P_000001708,1,5534
RAMP_P_000001709,1,5534
RAMP_P_000001710,0,5535
RAMP_P_000001711,0,5535
RAMP_P_000001712,1,5534
RAMP_P_000001713,2,5533
RAMP_P_000001714,1,5534
RAMP_P_000001715,82,5453
RAMP_P_000001716,1,5534
RAMP_P_000001717,2,5533
RAMP_P_000001718,5,5530
RAMP_P_000001719,7,5528
RAMP_P_000001720,5,5530
RAMP_P_000001721,2,5533
RAMP_P_000001722,8,5527
RAMP_P_000001723,1,5534
RAMP_P_000001724,1,5534
RAMP_P_000001725,0,5535
RAMP_P_000001726,18,5517
RAMP_P_000001727,1,5534
RAMP_P_000001728,2,5533
RAMP_P_000001729,4,5531
RAMP_P_000001730,2,5533
RAMP_P_000001731,31,5504
RAMP_P_000001732,21,5514
RAMP_P_000001733,3,5532
RAMP_P_000001734,7,5528
RAMP_P_000001735,2,5533
RAMP_P_000001736,103,5432
RAMP_P_000001737,1,5534
RAMP_P_000001738,2,5533
RAMP_P_000001739,0,5535
RAMP_P_000001740,27,5508
RAMP_P_000001741,12,5523
RAMP_P_000001742,0,5535
RAMP_P_000001743,131,5404
RAMP_P_000001744,4,5531
RAMP_P_000001745,4,5531
RAMP_P_000001746,3,5532
RAMP_P_000001747,5,5530
RAMP_P_000001748,0,5535
RAMP_P_000001749,2,5533
RAMP_P_000001750,7,5528
RAMP_P_000001751,4,5531
RAMP_P_000001752,0,5535
RAMP_P_000001753,32,5503
RAMP_P_000001754,0,5535
RAMP_P_000001755,7,5528
RAMP_P_000001756,0,5535
RAMP_P_000001757,17,5518
RAMP_P_000001758,1,5534
RAMP_P_000001759,3,5532
RAMP_P_000001760,23,5512
RAMP_P_000001761,0,5535
RAMP_P_000001762,15,5520
RAMP_P_000001763,2,5533
RAMP_P_000001764,4,5531
RAMP_P_000001765,1,5534
RAMP_P_000001766,2,5533
RAMP_P_000001767,4,5531
RAMP_P_000001768,2,5533
RAMP_P_000001769,5,5530
RAMP_P_000001770,9,5526
RAMP_P_000001771,4,5531
RAMP_P_000001772,2,5533
RAMP_P_000001773,7,5528
RAMP_P_000001774,0,5535
RAMP_P_000001775,79,5456
RAMP_P_000001776,2,5533
RAMP_P_000001777,10,5525
RAMP_P_000001778,2,5533
RAMP_P_000001779,48,5487
RAMP_P_000001780,8,5527
RAMP_P_000001781,0,5535
RAMP_P_000001782,2,5533
RAMP_P_000001783,2,5533
RAMP_P_000001784,1,5534
RAMP_P_000001785,9,5526
RAMP_P_000001786,1,5534
RAMP_P_000001787,0,5535
RAMP_P_000001788,9,5526
RAMP_P_000001789,0,5535
RAMP_P_000001790,1,5534
RAMP_P_000001791,5,5530
RAMP_P_000001792,6,5529
RAMP_P_000001793,1,5534
RAMP_P_000001794,0,5535
RAMP_P_000001795,32,5503
RAMP_P_000001796,15,5520
RAMP_P_000001797,2,5533
RAMP_P_000001798,0,5535
RAMP_P_000001799,0,5535
RAMP_P_000001800,4,5531
RAMP_P_000001801,6,5529
RAMP_P_000001802,1,5534
RAMP_P_000001803,1,5534
RAMP_P_000001804,11,5524
RAMP_P_000001805,18,5517
RAMP_P_000001806,51,5484
RAMP_P_000001807,10,5525
RAMP_P_000001808,10,5525
RAMP_P_000001809,13,5522
RAMP_P_000001810,3,5532
RAMP_P_000001811,3,5532
RAMP_P_000001812,2,5533
RAMP_P_000001813,2,5533
RAMP_P_000001814,4,5531
RAMP_P_000001815,2,5533
RAMP_P_000001816,11,5524
RAMP_P_000001817,4,5531
RAMP_P_000001818,15,5520
RAMP_P_000001819,15,5520
RAMP_P_000001820,1,5534
RAMP_P_000001821,5,5530
RAMP_P_000001822,35,5500
RAMP_P_000001823,20,5515
RAMP_P_000001824,0,5535
RAMP_P_000001825,4,5531
RAMP_P_000001826,13,5522
RAMP_P_000001827,2,5533
RAMP_P_000001828,13,5522
RAMP_P_000001829,42,5493
RAMP_P_000001830,0,5535
RAMP_P_000001831,1,5534
RAMP_P_000001832,14,5521
RAMP_P_000001833,2,5533
RAMP_P_000001834,8,5527
RAMP_P_000001835,0,5535
RAMP_P_000001836,3,5532
RAMP_P_000001837,46,5489
RAMP_P_000001838,3,5532
RAMP_P_000001839,4,5531
RAMP_P_000001840,13,5522
RAMP_P_000001841,14,5521
RAMP_P_000001842,0,5535
RAMP_P_000001843,11,5524
RAMP_P_000001844,14,5521
RAMP_P_000001845,5,5530
RAMP_P_000001846,21,5514
RAMP_P_000001847,2,5533
RAMP_P_000001848,11,5524
RAMP_P_000001849,21,5514
RAMP_P_000001850,1,5534
RAMP_P_000001851,13,5522
RAMP_P_000001852,11,5524
RAMP_P_000001853,42,5493
RAMP_P_000001854,39,5496
RAMP_P_000001855,6,5529
RAMP_P_000001856,4,5531
RAMP_P_000001857,10,5525
RAMP_P_000001858,77,5458
RAMP_P_000001859,4,5531
RAMP_P_000001860,12,5523
RAMP_P_000001861,6,5529
RAMP_P_000001862,3,5532
RAMP_P_000001863,9,5526
RAMP_P_000001864,2,5533
RAMP_P_000001865,4,5531
RAMP_P_000001866,2,5533
RAMP_P_000001867,0,5535
RAMP_P_000001868,4,5531
RAMP_P_000001869,32,5503
RAMP_P_000001870,26,5509
RAMP_P_000001871,7,5528
RAMP_P_000001872,4,5531
RAMP_P_000001873,2,5533
RAMP_P_000001874,24,5511
RAMP_P_000001875,0,5535
RAMP_P_000001876,2,5533
RAMP_P_000001877,0,5535
RAMP_P_000001878,7,5528
RAMP_P_000001879,8,5527
RAMP_P_000001880,38,5497
RAMP_P_000001881,1,5534
RAMP_P_000001882,2,5533
RAMP_P_000001883,1,5534
RAMP_P_000001884,13,5522
RAMP_P_000001885,0,5535
RAMP_P_000001886,0,5535
RAMP_P_000001887,8,5527
RAMP_P_000001888,1,5534
RAMP_P_000001889,8,5527
RAMP_P_000001890,2,5533
RAMP_P_000001891,121,5414
RAMP_P_000001892,12,5523
RAMP_P_000001893,0,5535
RAMP_P_000001894,2,5533
RAMP_P_000001895,1,5534
RAMP_P_000001896,4,5531
RAMP_P_000001897,15,5520
RAMP_P_000001898,1,5534
RAMP_P_000001899,27,5508
RAMP_P_000001900,9,5526
RAMP_P_000001901,86,5449
RAMP_P_000001902,2,5533
RAMP_P_000001903,138,5397
RAMP_P_000001904,3,5532
RAMP_P_000001905,4,5531
RAMP_P_000001906,1,5534
RAMP_P_000001907,1,5534
RAMP_P_000001908,7,5528
RAMP_P_000001909,2,5533
RAMP_P_000001910,7,5528
RAMP_P_000001911,25,5510
RAMP_P_000001912,0,5535
RAMP_P_000001913,0,5535
RAMP_P_000001914,0,5535
RAMP_P_000001915,0,5535
RAMP_P_000001916,0,5535
RAMP_P_000001917,0,5535
RAMP_P_000001918,2,5533
RAMP_P_000001919,14,5521
RAMP_P_000001920,2,5533
RAMP_P_000001921,2,5533
RAMP_P_000001922,0,5535
RAMP_P_000001923,1,5534
RAMP_P_000001924,1,5534
RAMP_P_000001925,11,5524
RAMP_P_000001926,5,5530
RAMP_P_000001927,70,5465
RAMP_P_000001928,9,5526
RAMP_P_000001929,13,5522
RAMP_P_000001930,2,5533
RAMP_P_000001931,1,5534
RAMP_P_000001932,6,5529
RAMP_P_000001933,2,5533
RAMP_P_000001934,4,5531
RAMP_P_000001935,31,5504
RAMP_P_000001936,0,5535
RAMP_P_000001937,2,5533
RAMP_P_000001938,2,5533
RAMP_P_000001939,9,5526
RAMP_P_000001940,2,5533
RAMP_P_000001941,1,5534
RAMP_P_000001942,2,5533
RAMP_P_000001943,5,5530
RAMP_P_000001944,9,5526
RAMP_P_000001945,2,5533
RAMP_P_000001946,3,5532
RAMP_P_000001947,1,5534
RAMP_P_000001948,16,5519
RAMP_P_000001949,2,5533
RAMP_P_000001950,2,5533
RAMP_P_000001951,2,5533
RAMP_P_000001952,1,5534
RAMP_P_000001953,2,5533
RAMP_P_000001954,1,5534
RAMP_P_000001955,6,5529
RAMP_P_000001956,1,5534
RAMP_P_000001957,3,5532
RAMP_P_000001958,0,5535
RAMP_P_000001959,5,5530
RAMP_P_000001960,5,5530
RAMP_P_000001961,15,5520
RAMP_P_000001962,10,5525
RAMP_P_000001963,16,5519
RAMP_P_000001964,14,5521
RAMP_P_000001965,1,5534
RAMP_P_000001966,2,5533
RAMP_P_000001967,2,5533
RAMP_P_000001968,13,5522
RAMP_P_000001969,4,5531
RAMP_P_000001970,10,5525
RAMP_P_000001971,2,5533
RAMP_P_000001972,2,5533
RAMP_P_000001973,9,5526
RAMP_P_000001974,81,5454
RAMP_P_000001975,10,5525
RAMP_P_000001976,8,5527
RAMP_P_000001977,0,5535
RAMP_P_000001978,4,5531
RAMP_P_000001979,0,5535
RAMP_P_000001980,1,5534
RAMP_P_000001981,10,5525
RAMP_P_000001982,0,5535
RAMP_P_000001983,5,5530
RAMP_P_000001984,26,5509
RAMP_P_000001985,2,5533
RAMP_P_000001986,5,5530
RAMP_P_000001987,3,5532
RAMP_P_000001988,4,5531
RAMP_P_000001989,116,5419
RAMP_P_000001990,2,5533
RAMP_P_000001991,0,5535
RAMP_P_000001992,121,5414
RAMP_P_000001993,3,5532
RAMP_P_000001994,7,5528
RAMP_P_000001995,2,5533
RAMP_P_000001996,1,5534
RAMP_P_000001997,0,5535
RAMP_P_000001998,2,5533
RAMP_P_000001999,0,5535
RAMP_P_000002000,2,5533
RAMP_P_000002001,17,5518
RAMP_P_000002002,6,5529
RAMP_P_000002003,0,5535
RAMP_P_000002004,6,5529
RAMP_P_000002005,0,5535
RAMP_P_000002006,2,5533
RAMP_P_000002007,2,5533
RAMP_P_000002008,3,5532
RAMP_P_000002009,6,5529
RAMP_P_000002010,14,5521
RAMP_P_000002011,9,5526
RAMP_P_000002012,2,5533
RAMP_P_000002013,0,5535
RAMP_P_000002014,9,5526
RAMP_P_000002015,1,5534
RAMP_P_000002016,3,5532
RAMP_P_000002017,11,5524
RAMP_P_000002018,3,5532
RAMP_P_000002019,0,5535
RAMP_P_000002020,1,5534
RAMP_P_000002021,1,5534
RAMP_P_000002022,39,5496
RAMP_P_000002023,146,5389
RAMP_P_000002024,1,5534
RAMP_P_000002025,12,5523
RAMP_P_000002026,8,5527
RAMP_P_000002027,0,5535
RAMP_P_000002028,0,5535
RAMP_P_000002029,2,5533
RAMP_P_000002030,3,5532
RAMP_P_000002031,0,5535
RAMP_P_000002032,33,5502
RAMP_P_000002033,1,5534
RAMP_P_000002034,2,5533
RAMP_P_000002035,2,5533
RAMP_P_000002036,18,5517
RAMP_P_000002037,11,5524
RAMP_P_000002038,3,5532
RAMP_P_000002039,2,5533
RAMP_P_000002040,8,5527
RAMP_P_000002041,0,5535
RAMP_P_000002042,0,5535
RAMP_P_000002043,2,5533
RAMP_P_000002044,29,5506
RAMP_P_000002045,9,5526
RAMP_P_000002046,3,5532
RAMP_P_000002047,9,5526
RAMP_P_000002048,0,5535
RAMP_P_000002049,1,5534
RAMP_P_000002050,2,5533
RAMP_P_000002051,2,5533
RAMP_P_000002052,2,5533
RAMP_P_000002053,65,5470
RAMP_P_000002054,2,5533
RAMP_P_000002055,0,5535
RAMP_P_000002056,4,5531
RAMP_P_000002057,10,5525
RAMP_P_000002058,9,5526
RAMP_P_000002059,5,5530
RAMP_P_000002060,2,5533
RAMP_P_000002061,2,5533
RAMP_P_000002062,1,5534
RAMP_P_000002063,5,5530
RAMP_P_000002064,4,5531
RAMP_P_000002065,112,5423
RAMP_P_000002066,1,5534
RAMP_P_000002067,50,5485
RAMP_P_000002068,15,5520
RAMP_P_000002069,0,5535
RAMP_P_000002070,1,5534
RAMP_P_000002071,1,5534
RAMP_P_000002072,4,5531
RAMP_P_000002073,2,5533
RAMP_P_000002074,9,5526
RAMP_P_000002075,0,5535
RAMP_P_000002076,16,5519
RAMP_P_000002077,5,5530
RAMP_P_000002078,1,5534
RAMP_P_000002079,0,5535
RAMP_P_000002080,1,5534
RAMP_P_000002081,0,5535
RAMP_P_000002082,12,5523
RAMP_P_000002083,9,5526
RAMP_P_000002084,281,5254
RAMP_P_000002085,5,5530
RAMP_P_000002086,30,5505
RAMP_P_000002087,0,5535
RAMP_P_000002088,4,5531
RAMP_P_000002089,8,5527
RAMP_P_000002090,2,5533
RAMP_P_000002091,0,5535
RAMP_P_000002092,8,5527
RAMP_P_000002093,8,5527
RAMP_P_000002094,1,5534
RAMP_P_000002095,0,5535
RAMP_P_000002096,0,5535
RAMP_P_000002097,0,5535
RAMP_P_000002098,14,5521
RAMP_P_000002099,4,5531
RAMP_P_000002100,3,5532
RAMP_P_000002101,10,5525
RAMP_P_000002102,11,5524
RAMP_P_000002103,6,5529
RAMP_P_000002104,3,5532
RAMP_P_000002105,23,5512
RAMP_P_000002106,6,5529
RAMP_P_000002107,0,5535
RAMP_P_000002108,4,5531
RAMP_P_000002109,22,5513
RAMP_P_000002110,20,5515
RAMP_P_000002111,0,5535
RAMP_P_000002112,16,5519
RAMP_P_000002113,0,5535
RAMP_P_000002114,2,5533
RAMP_P_000002115,0,5535
RAMP_P_000002116,2,5533
RAMP_P_000002117,9,5526
RAMP_P_000002118,18,5517
RAMP_P_000002119,14,5521
RAMP_P_000002120,4,5531
RAMP_P_000002121,28,5507
RAMP_P_000002122,0,5535
RAMP_P_000002123,2,5533
RAMP_P_000002124,3,5532
RAMP_P_000002125,5,5530
RAMP_P_000002126,2,5533
RAMP_P_000002127,26,5509
RAMP_P_000002128,8,5527
RAMP_P_000002129,4,5531
RAMP_P_000002130,2,5533
RAMP_P_000002131,0,5535
RAMP_P_000002132,15,5520
RAMP_P_000002133,2,5533
RAMP_P_000002134,4,5531
RAMP_P_000002135,1,5534
RAMP_P_000002136,12,5523
RAMP_P_000002137,2,5533
RAMP_P_000002138,6,5529
RAMP_P_000002139,6,5529
RAMP_P_000002140,2,5533
RAMP_P_000002141,10,5525
RAMP_P_000002142,2,5533
RAMP_P_000002143,1,5534
RAMP_P_000002144,4,5531
RAMP_P_000002145,3,5532
RAMP_P_000002146,3,5532
RAMP_P_000002147,2,5533
RAMP_P_000002148,5,5530
RAMP_P_000002149,0,5535
RAMP_P_000002150,18,5517
RAMP_P_000002151,4,5531
RAMP_P_000002152,13,5522
RAMP_P_000002153,3,5532
RAMP_P_000002154,20,5515
RAMP_P_000002155,3,5532
RAMP_P_000002156,0,5535
RAMP_P_000002157,0,5535
RAMP_P_000002158,4,5531
RAMP_P_000002159,8,5527
RAMP_P_000002160,5,5530
RAMP_P_000002161,8,5527
RAMP_P_000002162,15,5520
RAMP_P_000002163,2,5533
RAMP_P_000002164,1,5534
RAMP_P_000002165,10,5525
RAMP_P_000002166,2,5533
RAMP_P_000002167,4,5531
RAMP_P_000002168,6,5529
RAMP_P_000002169,2,5533
RAMP_P_000002170,2,5533
RAMP_P_000002171,2,5533
RAMP_P_000002172,5,5530
RAMP_P_000002173,0,5535
RAMP_P_000002174,2,5533
RAMP_P_000002175,7,5528
RAMP_P_000002176,1,5534
RAMP_P_000002177,1,5534
RAMP_P_000002178,13,5522
RAMP_P_000002179,20,5515
RAMP_P_000002180,3,5532
RAMP_P_000002181,27,5508
RAMP_P_000002182,9,5526
RAMP_P_000002183,7,5528
RAMP_P_000002184,6,5529
RAMP_P_000002185,3,5532
RAMP_P_000002186,16,5519
RAMP_P_000002187,3,5532
RAMP_P_000002188,2,5533
RAMP_P_000002189,224,5311
RAMP_P_000002190,6,5529
RAMP_P_000002191,2,5533
RAMP_P_000002192,5,5530
RAMP_P_000002193,0,5535
RAMP_P_000002194,9,5526
RAMP_P_000002195,8,5527
RAMP_P_000002196,5,5530
RAMP_P_000002197,1,5534
RAMP_P_000002198,0,5535
RAMP_P_000002199,3,5532
RAMP_P_000002200,22,5513
RAMP_P_000002201,13,5522
RAMP_P_000002202,14,5521
RAMP_P_000002203,5,5530
RAMP_P_000002204,13,5522
RAMP_P_000002205,3,5532
RAMP_P_000002206,24,5511
RAMP_P_000002207,17,5518
RAMP_P_000002208,6,5529
RAMP_P_000002209,18,5517
RAMP_P_000002210,2,5533
RAMP_P_000002211,3,5532
RAMP_P_000002212,66,5469
RAMP_P_000002213,3,5532
RAMP_P_000002214,5,5530
RAMP_P_000002215,1,5534
RAMP_P_000002216,1,5534
RAMP_P_000002217,6,5529
RAMP_P_000002218,5,5530
RAMP_P_000002219,9,5526
RAMP_P_000002220,1,5534
RAMP_P_000002221,3,5532
RAMP_P_000002222,6,5529
RAMP_P_000002223,14,5521
RAMP_P_000002224,7,5528
RAMP_P_000002225,33,5502
RAMP_P_000002226,11,5524
RAMP_P_000002227,54,5481
RAMP_P_000002228,13,5522
RAMP_P_000002229,0,5535
RAMP_P_000002230,2,5533
RAMP_P_000002231,15,5520
RAMP_P_000002232,0,5535
RAMP_P_000002233,5,5530
RAMP_P_000002234,0,5535
RAMP_P_000002235,12,5523
RAMP_P_000002236,2,5533
RAMP_P_000002237,2,5533
RAMP_P_000002238,7,5528
RAMP_P_000002239,9,5526
RAMP_P_000002240,9,5526
RAMP_P_000002241,0,5535
RAMP_P_000002242,0,5535
RAMP_P_000002243,19,5516
RAMP_P_000002244,1,5534
RAMP_P_000002245,15,5520
RAMP_P_000002246,4,5531
RAMP_P_000002247,12,5523
RAMP_P_000002248,9,5526
RAMP_P_000002249,1,5534
RAMP_P_000002250,3,5532
RAMP_P_000002251,7,5528
RAMP_P_000002252,5,5530
RAMP_P_000002253,10,5525
RAMP_P_000002254,5,5530
RAMP_P_000002255,19,5516
RAMP_P_000002256,2,5533
RAMP_P_000002257,0,5535
RAMP_P_000002258,2,5533
RAMP_P_000002259,3,5532
RAMP_P_000002260,2,5533
RAMP_P_000002261,16,5519
RAMP_P_000002262,0,5535
RAMP_P_000002263,10,5525
RAMP_P_000002264,61,5474
RAMP_P_000002265,3,5532
RAMP_P_000002266,5,5530
RAMP_P_000002267,13,5522
RAMP_P_000002268,5,5530
RAMP_P_000002269,7,5528
RAMP_P_000002270,32,5503
RAMP_P_000002271,44,5491
RAMP_P_000002272,4,5531
RAMP_P_000002273,4,5531
RAMP_P_000002274,2,5533
RAMP_P_000002275,4,5531
RAMP_P_000002276,3,5532
RAMP_P_000002277,20,5515
RAMP_P_000002278,0,5535
RAMP_P_000002279,4,5531
RAMP_P_000002280,2,5533
RAMP_P_000002281,22,5513
RAMP_P_000002282,4,5531
RAMP_P_000002283,4,5531
RAMP_P_000002284,6,5529
RAMP_P_000002285,3,5532
RAMP_P_000002286,3,5532
RAMP_P_000002287,6,5529
RAMP_P_000002288,25,5510
RAMP_P_000002289,2,5533
RAMP_P_000002290,27,5508
RAMP_P_000002291,2,5533
RAMP_P_000002292,2,5533
RAMP_P_000002293,2,5533
RAMP_P_000002294,2,5533
RAMP_P_000002295,7,5528
RAMP_P_000002296,2,5533
RAMP_P_000002297,40,5495
RAMP_P_000002298,3,5532
RAMP_P_000002299,16,5519
RAMP_P_000002300,9,5526
RAMP_P_000002301,6,5529
RAMP_P_000002302,3,5532
RAMP_P_000002303,3,5532
RAMP_P_000002304,2,5533
RAMP_P_000002305,7,5528
RAMP_P_000002306,6,5529
RAMP_P_000002307,5,5530
RAMP_P_000002308,8,5527
RAMP_P_000002309,2,5533
RAMP_P_000002310,3,5532
RAMP_P_000002311,5,5530
RAMP_P_000002312,29,5506
RAMP_P_000002313,3,5532
RAMP_P_000002314,2,5533
RAMP_P_000002315,3,5532
RAMP_P_000002316,16,5519
RAMP_P_000002317,3,5532
RAMP_P_000002318,17,5518
RAMP_P_000002319,23,5512
RAMP_P_000002320,0,5535
RAMP_P_000002321,0,5535
RAMP_P_000002322,2,5533
RAMP_P_000002323,8,5527
RAMP_P_000002324,18,5517
RAMP_P_000002325,6,5529
RAMP_P_000002326,4,5531
RAMP_P_000002327,2,5533
RAMP_P_000002328,0,5535
RAMP_P_000002329,7,5528
RAMP_P_000002330,9,5526
RAMP_P_000002331,8,5527
RAMP_P_000002332,2,5533
RAMP_P_000002333,1,5534
RAMP_P_000002334,10,5525
RAMP_P_000002335,19,5516
RAMP_P_000002336,30,5505
RAMP_P_000002337,19,5516
RAMP_P_000002338,4,5531
RAMP_P_000002339,3,5532
RAMP_P_000002340,2,5533
RAMP_P_000002341,21,5514
RAMP_P_000002342,9,5526
RAMP_P_000002343,2,5533
RAMP_P_000002344,1,5534
RAMP_P_000002345,9,5526
RAMP_P_000002346,2,5533
RAMP_P_000002347,2,5533
RAMP_P_000002348,6,5529
RAMP_P_000002349,4,5531
RAMP_P_000002350,9,5526
RAMP_P_000002351,13,5522
RAMP_P_000002352,31,5504
RAMP_P_000002353,3,5532
RAMP_P_000002354,0,5535
RAMP_P_000002355,2,5533
RAMP_P_000002356,0,5535
RAMP_P_000002357,10,5525
RAMP_P_000002358,3,5532
RAMP_P_000002359,1,5534
RAMP_P_000002360,34,5501
RAMP_P_000002361,23,5512
RAMP_P_000002362,24,5511
RAMP_P_000002363,0,5535
RAMP_P_000002364,0,5535
RAMP_P_000002365,2,5533
RAMP_P_000002366,4,5531
RAMP_P_000002367,7,5528
RAMP_P_000002368,1,5534
RAMP_P_000002369,13,5522
RAMP_P_000002370,13,5522
RAMP_P_000002371,0,5535
RAMP_P_000002372,4,5531
RAMP_P_000002373,2,5533
RAMP_P_000002374,15,5520
RAMP_P_000002375,4,5531
RAMP_P_000002376,4,5531
RAMP_P_000002377,0,5535
RAMP_P_000002378,4,5531
RAMP_P_000002379,4,5531
RAMP_P_000002380,9,5526
RAMP_P_000002381,4,5531
RAMP_P_000002382,14,5521
RAMP_P_000002383,10,5525
RAMP_P_000002384,0,5535
RAMP_P_000002385,0,5535
RAMP_P_000002386,2,5533
RAMP_P_000002387,2,5533
RAMP_P_000002388,2,5533
RAMP_P_000002389,11,5524
RAMP_P_000002390,3,5532
RAMP_P_000002391,59,5476
RAMP_P_000002392,24,5511
RAMP_P_000002393,23,5512
RAMP_P_000002394,4,5531
RAMP_P_000002395,3,5532
RAMP_P_000002396,1,5534
RAMP_P_000002397,2,5533
RAMP_P_000002398,36,5499
RAMP_P_000002399,3,5532
RAMP_P_000002400,2,5533
RAMP_P_000002401,13,5522
RAMP_P_000002402,2,5533
RAMP_P_000002403,11,5524
RAMP_P_000002404,0,5535
RAMP_P_000002405,0,5535
RAMP_P_000002406,6,5529
RAMP_P_000002407,2,5533
RAMP_P_000002408,2,5533
RAMP_P_000002409,5,5530
RAMP_P_000002410,2,5533
RAMP_P_000002411,16,5519
RAMP_P_000002412,2,5533
RAMP_P_000002413,0,5535
RAMP_P_000002414,12,5523
RAMP_P_000002415,0,5535
RAMP_P_000002416,1,5534
RAMP_P_000002417,0,5535
RAMP_P_000002418,6,5529
RAMP_P_000002419,6,5529
RAMP_P_000002420,8,5527
RAMP_P_000002421,5,5530
RAMP_P_000002422,24,5511
RAMP_P_000002423,4,5531
RAMP_P_000002424,19,5516
RAMP_P_000002425,4,5531
RAMP_P_000002426,11,5524
RAMP_P_000002427,33,5502
RAMP_P_000002428,15,5520
RAMP_P_000002429,2,5533
RAMP_P_000002430,8,5527
RAMP_P_000002431,7,5528
RAMP_P_000002432,0,5535
RAMP_P_000002433,0,5535
RAMP_P_000002434,2,5533
RAMP_P_000002435,1,5534
RAMP_P_000002436,6,5529
RAMP_P_000002437,0,5535
RAMP_P_000002438,1,5534
RAMP_P_000002439,41,5494
RAMP_P_000002440,0,5535
RAMP_P_000002441,2,5533
RAMP_P_000002442,1,5534
RAMP_P_000002443,29,5506
RAMP_P_000002444,2,5533
RAMP_P_000002445,1,5534
RAMP_P_000002446,0,5535
RAMP_P_000002447,2,5533
RAMP_P_000002448,51,5484
RAMP_P_000002449,75,5460
RAMP_P_000002450,15,5520
RAMP_P_000002451,9,5526
RAMP_P_000002452,8,5527
RAMP_P_000002453,1,5534
RAMP_P_000002454,37,5498
RAMP_P_000002455,1,5534
RAMP_P_000002456,14,5521
RAMP_P_000002457,13,5522
RAMP_P_000002458,1,5534
RAMP_P_000002459,30,5505
RAMP_P_000002460,10,5525
RAMP_P_000002461,1,5534
RAMP_P_000002462,4,5531
RAMP_P_000002463,28,5507
RAMP_P_000002464,0,5535
RAMP_P_000002465,8,5527
RAMP_P_000002466,7,5528
RAMP_P_000002467,0,5535
RAMP_P_000002468,67,5468
RAMP_P_000002469,0,5535
RAMP_P_000002470,4,5531
RAMP_P_000002471,10,5525
RAMP_P_000002472,7,5528
RAMP_P_000002473,2,5533
RAMP_P_000002474,22,5513
RAMP_P_000002475,5,5530
RAMP_P_000002476,2,5533
RAMP_P_000002477,0,5535
RAMP_P_000002478,20,5515
RAMP_P_000002479,14,5521
RAMP_P_000002480,2,5533
RAMP_P_000002481,19,5516
RAMP_P_000002482,5,5530
RAMP_P_000002483,5,5530
RAMP_P_000002484,2,5533
RAMP_P_000002485,4,5531
RAMP_P_000002486,2,5533
RAMP_P_000002487,0,5535
RAMP_P_000002488,30,5505
RAMP_P_000002489,3,5532
RAMP_P_000002490,6,5529
RAMP_P_000002491,2,5533
RAMP_P_000002492,7,5528
RAMP_P_000002493,0,5535
RAMP_P_000002494,12,5523
RAMP_P_000002495,2,5533
RAMP_P_000002496,11,5524
RAMP_P_000002497,2,5533
RAMP_P_000002498,8,5527
RAMP_P_000002499,2,5533
RAMP_P_000002500,33,5502
RAMP_P_000002501,0,5535
RAMP_P_000002502,7,5528
RAMP_P_000002503,1,5534
RAMP_P_000002504,2,5533
RAMP_P_000002505,3,5532
RAMP_P_000002506,18,5517
RAMP_P_000002507,7,5528
RAMP_P_000002508,0,5535
RAMP_P_000002509,14,5521
RAMP_P_000002510,4,5531
RAMP_P_000002511,18,5517
RAMP_P_000002512,0,5535
RAMP_P_000002513,46,5489
RAMP_P_000002514,0,5535
RAMP_P_000002515,0,5535
RAMP_P_000002516,9,5526
RAMP_P_000002517,1,5534
RAMP_P_000002518,1,5534
RAMP_P_000002519,0,5535
RAMP_P_000002520,151,5384
RAMP_P_000002521,4,5531
RAMP_P_000002522,0,5535
RAMP_P_000002523,5,5530
RAMP_P_000002524,6,5529
RAMP_P_000002525,8,5527
RAMP_P_000002526,18,5517
RAMP_P_000002527,66,5469
RAMP_P_000002528,3,5532
RAMP_P_000002529,0,5535
RAMP_P_000002530,1,5534
RAMP_P_000002531,112,5423
RAMP_P_000002532,13,5522
RAMP_P_000002533,31,5504
RAMP_P_000002534,0,5535
RAMP_P_000002535,4,5531
RAMP_P_000002536,9,5526
RAMP_P_000002537,29,5506
RAMP_P_000002538,3,5532
RAMP_P_000002539,0,5535
RAMP_P_000002540,2,5533
RAMP_P_000002541,2,5533
RAMP_P_000002542,20,5515
RAMP_P_000002543,3,5532
RAMP_P_000002544,5,5530
RAMP_P_000002545,4,5531
RAMP_P_000002546,7,5528
RAMP_P_000002547,4,5531
RAMP_P_000002548,1,5534
RAMP_P_000002549,1,5534
RAMP_P_000002550,2,5533
RAMP_P_000002551,0,5535
RAMP_P_000002552,28,5507
RAMP_P_000002553,5,5530
RAMP_P_000002554,5,5530
RAMP_P_000002555,5,5530
RAMP_P_000002556,2,5533
RAMP_P_000002557,10,5525
RAMP_P_000002558,9,5526
RAMP_P_000002559,3,5532
RAMP_P_000002560,16,5519
RAMP_P_000002561,0,5535
RAMP_P_000002562,3,5532
RAMP_P_000002563,1,5534
RAMP_P_000002564,2,5533
RAMP_P_000002565,3,5532
RAMP_P_000002566,9,5526
RAMP_P_000002567,1,5534
RAMP_P_000002568,3,5532
RAMP_P_000002569,2,5533
RAMP_P_000002570,0,5535
RAMP_P_000002571,8,5527
RAMP_P_000002572,1,5534
RAMP_P_000002573,3,5532
RAMP_P_000002574,8,5527
RAMP_P_000002575,66,5469
RAMP_P_000002576,0,5535
RAMP_P_000002577,0,5535
RAMP_P_000002578,13,5522
RAMP_P_000002579,0,5535
RAMP_P_000002580,2,5533
RAMP_P_000002581,0,5535
RAMP_P_000002582,14,5521
RAMP_P_000002583,66,5469
RAMP_P_000002584,10,5525
RAMP_P_000002585,19,5516
RAMP_P_000002586,1,5534
RAMP_P_000002587,4,5531
RAMP_P_000002588,3,5532
RAMP_P_000002589,2,5533
RAMP_P_000002590,13,5522
RAMP_P_000002591,2,5533
RAMP_P_000002592,5,5530
RAMP_P_000002593,2,5533
RAMP_P_000002594,7,5528
RAMP_P_000002595,6,5529
RAMP_P_000002596,1,5534
RAMP_P_000002597,0,5535
RAMP_P_000002598,4,5531
RAMP_P_000002599,0,5535
RAMP_P_000002600,0,5535
RAMP_P_000002601,1,5534
RAMP_P_000002602,4,5531
RAMP_P_000002603,0,5535
RAMP_P_000002604,21,5514
RAMP_P_000002605,0,5535
RAMP_P_000002606,3,5532
RAMP_P_000002607,0,5535
RAMP_P_000002608,4,5531
RAMP_P_000002609,11,5524
RAMP_P_000002610,11,5524
RAMP_P_000002611,1,5534
RAMP_P_000002612,8,5527
RAMP_P_000002613,116,5419
RAMP_P_000002614,7,5528
RAMP_P_000002615,3,5532
RAMP_P_000002616,23,5512
RAMP_P_000002617,4,5531
RAMP_P_000002618,1,5534
RAMP_P_000002619,31,5504
RAMP_P_000002620,4,5531
RAMP_P_000002621,2,5533
RAMP_P_000002622,8,5527
RAMP_P_000002623,0,5535
RAMP_P_000002624,2,5533
RAMP_P_000002625,4,5531
RAMP_P_000002626,6,5529
RAMP_P_000002627,0,5535
RAMP_P_000002628,2,5533
RAMP_P_000002629,5,5530
RAMP_P_000002630,2,5533
RAMP_P_000002631,8,5527
RAMP_P_000002632,0,5535
RAMP_P_000002633,2,5533
RAMP_P_000002634,4,5531
RAMP_P_000002635,3,5532
RAMP_P_000002636,45,5490
RAMP_P_000002637,0,5535
RAMP_P_000002638,8,5527
RAMP_P_000002639,2,5533
RAMP_P_000002640,2,5533
RAMP_P_000002641,2,5533
RAMP_P_000002642,0,5535
RAMP_P_000002643,1,5534
RAMP_P_000002644,1,5534
RAMP_P_000002645,4,5531
RAMP_P_000002646,2,5533
RAMP_P_000002647,16,5519
RAMP_P_000002648,0,5535
RAMP_P_000002649,2,5533
RAMP_P_000002650,9,5526
RAMP_P_000002651,5,5530
RAMP_P_000002652,3,5532
RAMP_P_000002653,2,5533
RAMP_P_000002654,23,5512
RAMP_P_000002655,4,5531
RAMP_P_000002656,8,5527
RAMP_P_000002657,13,5522
RAMP_P_000002658,15,5520
RAMP_P_000002659,4,5531
RAMP_P_000002660,5,5530
RAMP_P_000002661,7,5528
RAMP_P_000002662,2,5533
RAMP_P_000002663,10,5525
RAMP_P_000002664,1,5534
RAMP_P_000002665,5,5530
RAMP_P_000002666,4,5531
RAMP_P_000002667,3,5532
RAMP_P_000002668,2,5533
RAMP_P_000002669,0,5535
RAMP_P_000002670,81,5454
RAMP_P_000002671,1,5534
RAMP_P_000002672,3,5532
RAMP_P_000002673,2,5533
RAMP_P_000002674,0,5535
RAMP_P_000002675,5,5530
RAMP_P_000002676,26,5509
RAMP_P_000002677,3,5532
RAMP_P_000002678,1,5534
RAMP_P_000002679,66,5469
RAMP_P_000002680,10,5525
RAMP_P_000002681,2,5533
RAMP_P_000002682,0,5535
RAMP_P_000002683,1,5534
RAMP_P_000002684,3,5532
RAMP_P_000002685,3,5532
RAMP_P_000002686,2,5533
RAMP_P_000002687,0,5535
RAMP_P_000002688,5,5530
RAMP_P_000002689,9,5526
RAMP_P_000002690,3,5532
RAMP_P_000002691,2,5533
RAMP_P_000002692,26,5509
RAMP_P_000002693,7,5528
RAMP_P_000002694,1,5534
RAMP_P_000002695,7,5528
RAMP_P_000002696,1,5534
RAMP_P_000002697,13,5522
RAMP_P_000002698,5,5530
RAMP_P_000002699,3,5532
RAMP_P_000002700,4,5531
RAMP_P_000002701,2,5533
RAMP_P_000002702,7,5528
RAMP_P_000002703,0,5535
RAMP_P_000002704,10,5525
RAMP_P_000002705,3,5532
RAMP_P_000002706,3,5532
RAMP_P_000002707,2,5533
RAMP_P_000002708,3,5532
RAMP_P_000002709,2,5533
RAMP_P_000002710,1,5534
RAMP_P_000002711,2,5533
RAMP_P_000002712,0,5535
RAMP_P_000002713,2,5533
RAMP_P_000002714,10,5525
RAMP_P_000002715,2,5533
RAMP_P_000002716,2,5533
RAMP_P_000002717,5,5530
RAMP_P_000002718,278,5257
RAMP_P_000002719,4,5531
RAMP_P_000002720,6,5529
RAMP_P_000002721,4,5531
RAMP_P_000002722,2,5533
RAMP_P_000002723,0,5535
RAMP_P_000002724,3,5532
RAMP_P_000002725,14,5521
RAMP_P_000002726,11,5524
RAMP_P_000002727,19,5516
RAMP_P_000002728,4,5531
RAMP_P_000002729,6,5529
RAMP_P_000002730,5,5530
RAMP_P_000002731,2,5533
RAMP_P_000002732,14,5521
RAMP_P_000002733,5,5530
RAMP_P_000002734,0,5535
RAMP_P_000002735,5,5530
RAMP_P_000002736,1,5534
RAMP_P_000002737,6,5529
RAMP_P_000002738,10,5525
RAMP_P_000002739,0,5535
RAMP_P_000002740,9,5526
RAMP_P_000002741,1,5534
RAMP_P_000002742,3,5532
RAMP_P_000002743,0,5535
RAMP_P_000002744,25,5510
RAMP_P_000002745,6,5529
RAMP_P_000002746,100,5435
RAMP_P_000002747,16,5519
RAMP_P_000002748,1,5534
RAMP_P_000002749,4,5531
RAMP_P_000002750,2,5533
RAMP_P_000002751,2,5533
RAMP_P_000002752,0,5535
RAMP_P_000002753,30,5505
RAMP_P_000002754,4,5531
RAMP_P_000002755,47,5488
RAMP_P_000002756,1,5534
RAMP_P_000002757,4,5531
RAMP_P_000002758,2,5533
RAMP_P_000002759,10,5525
RAMP_P_000002760,4,5531
RAMP_P_000002761,2,5533
RAMP_P_000002762,0,5535
RAMP_P_000002763,18,5517
RAMP_P_000002764,3,5532
RAMP_P_000002765,24,5511
RAMP_P_000002766,6,5529
RAMP_P_000002767,3,5532
RAMP_P_000002768,1,5534
RAMP_P_000002769,11,5524
RAMP_P_000002770,24,5511
RAMP_P_000002771,3,5532
RAMP_P_000002772,3,5532
RAMP_P_000002773,6,5529
RAMP_P_000002774,2,5533
RAMP_P_000002775,2,5533
RAMP_P_000002776,3,5532
RAMP_P_000002777,14,5521
RAMP_P_000002778,1,5534
RAMP_P_000002779,2,5533
RAMP_P_000002780,0,5535
RAMP_P_000002781,68,5467
RAMP_P_000002782,3,5532
RAMP_P_000002783,9,5526
RAMP_P_000002784,6,5529
RAMP_P_000002785,4,5531
RAMP_P_000002786,23,5512
RAMP_P_000002787,12,5523
RAMP_P_000002788,1,5534
RAMP_P_000002789,8,5527
RAMP_P_000002790,2,5533
RAMP_P_000002791,2,5533
RAMP_P_000002792,0,5535
RAMP_P_000002793,1,5534
RAMP_P_000002794,14,5521
RAMP_P_000002795,9,5526
RAMP_P_000002796,0,5535
RAMP_P_000002797,3,5532
RAMP_P_000002798,3,5532
RAMP_P_000002799,4,5531
RAMP_P_000002800,6,5529
RAMP_P_000002801,3,5532
RAMP_P_000002802,1,5534
RAMP_P_000002803,37,5498
RAMP_P_000002804,3,5532
RAMP_P_000002805,4,5531
RAMP_P_000002806,2,5533
RAMP_P_000002807,8,5527
RAMP_P_000002808,252,5283
RAMP_P_000002809,8,5527
RAMP_P_000002810,56,5479
RAMP_P_000002811,3,5532
RAMP_P_000002812,3,5532
RAMP_P_000002813,6,5529
RAMP_P_000002814,38,5497
RAMP_P_000002815,7,5528
RAMP_P_000002816,4,5531
RAMP_P_000002817,4,5531
RAMP_P_000002818,1,5534
RAMP_P_000002819,2,5533
RAMP_P_000002820,5,5530
RAMP_P_000002821,6,5529
RAMP_P_000002822,3,5532
RAMP_P_000002823,3,5532
RAMP_P_000002824,2,5533
RAMP_P_000002825,31,5504
RAMP_P_000002826,101,5434
RAMP_P_000002827,0,5535
RAMP_P_000002828,58,5477
RAMP_P_000002829,7,5528
RAMP_P_000002830,2,5533
RAMP_P_000002831,2,5533
RAMP_P_000002832,4,5531
RAMP_P_000002833,3,5532
RAMP_P_000002834,4,5531
RAMP_P_000002835,0,5535
RAMP_P_000002836,4,5531
RAMP_P_000002837,0,5535
RAMP_P_000002838,15,5520
RAMP_P_000002839,2,5533
RAMP_P_000002840,46,5489
RAMP_P_000002841,1,5534
RAMP_P_000002842,0,5535
RAMP_P_000002843,4,5531
RAMP_P_000002844,0,5535
RAMP_P_000002845,2,5533
RAMP_P_000002846,2,5533
RAMP_P_000002847,2,5533
RAMP_P_000002848,5,5530
RAMP_P_000002849,29,5506
RAMP_P_000002850,38,5497
RAMP_P_000002851,6,5529
RAMP_P_000002852,43,5492
RAMP_P_000002853,2,5533
RAMP_P_000002854,0,5535
RAMP_P_000002855,2,5533
RAMP_P_000002856,4,5531
RAMP_P_000002857,51,5484
RAMP_P_000002858,5,5530
RAMP_P_000002859,0,5535
RAMP_P_000002860,2,5533
RAMP_P_000002861,24,5511
RAMP_P_000002862,2,5533
RAMP_P_000002863,7,5528
RAMP_P_000002864,8,5527
RAMP_P_000002865,1,5534
RAMP_P_000002866,4,5531
RAMP_P_000002867,4,5531
RAMP_P_000002868,2,5533
RAMP_P_000002869,79,5456
RAMP_P_000002870,1,5534
RAMP_P_000002871,0,5535
RAMP_P_000002872,7,5528
RAMP_P_000002873,2,5533
RAMP_P_000002874,4,5531
RAMP_P_000002875,29,5506
RAMP_P_000002876,6,5529
RAMP_P_000002877,2,5533
RAMP_P_000002878,24,5511
RAMP_P_000002879,1,5534
RAMP_P_000002880,6,5529
RAMP_P_000002881,1,5534
RAMP_P_000002882,3,5532
RAMP_P_000002883,0,5535
RAMP_P_000002884,0,5535
RAMP_P_000002885,2,5533
RAMP_P_000002886,257,5278
RAMP_P_000002887,15,5520
RAMP_P_000002888,1,5534
RAMP_P_000002889,15,5520
RAMP_P_000002890,0,5535
RAMP_P_000002891,38,5497
RAMP_P_000002892,7,5528
RAMP_P_000002893,16,5519
RAMP_P_000002894,0,5535
RAMP_P_000002895,1,5534
RAMP_P_000002896,25,5510
RAMP_P_000002897,11,5524
RAMP_P_000002898,1,5534
RAMP_P_000002899,51,5484
RAMP_P_000002900,66,5469
RAMP_P_000002901,1,5534
RAMP_P_000002902,21,5514
RAMP_P_000002903,10,5525
RAMP_P_000002904,4,5531
RAMP_P_000002905,0,5535
RAMP_P_000002906,6,5529
RAMP_P_000002907,16,5519
RAMP_P_000002908,1,5534
RAMP_P_000002909,4,5531
RAMP_P_000002910,34,5501
RAMP_P_000002911,3,5532
RAMP_P_000002912,15,5520
RAMP_P_000002913,2,5533
RAMP_P_000002914,2,5533
RAMP_P_000002915,1,5534
RAMP_P_000002916,9,5526
RAMP_P_000002917,3,5532
RAMP_P_000002918,19,5516
RAMP_P_000002919,3,5532
RAMP_P_000002920,3,5532
RAMP_P_000002921,3,5532
RAMP_P_000002922,3,5532
RAMP_P_000002923,7,5528
RAMP_P_000002924,18,5517
RAMP_P_000002925,155,5380
RAMP_P_000002926,16,5519
RAMP_P_000002927,5,5530
RAMP_P_000002928,13,5522
RAMP_P_000002929,4,5531
RAMP_P_000002930,164,5371
RAMP_P_000002931,2,5533
RAMP_P_000002932,8,5527
RAMP_P_000002933,0,5535
RAMP_P_000002934,0,5535
RAMP_P_000002935,12,5523
RAMP_P_000002936,24,5511
RAMP_P_000002937,60,5475
RAMP_P_000002938,0,5535
RAMP_P_000002939,0,5535
RAMP_P_000002940,19,5516
RAMP_P_000002941,3,5532
RAMP_P_000002942,0,5535
RAMP_P_000002943,0,5535
RAMP_P_000002944,8,5527
RAMP_P_000002945,3,5532
RAMP_P_000002946,7,5528
RAMP_P_000002947,4,5531
RAMP_P_000002948,0,5535
RAMP_P_000002949,0,5535
RAMP_P_000002950,11,5524
RAMP_P_000002951,5,5530
RAMP_P_000002952,10,5525
RAMP_P_000002953,2,5533
RAMP_P_000002954,0,5535
RAMP_P_000002955,19,5516
RAMP_P_000002956,18,5517
RAMP_P_000002957,5,5530
RAMP_P_000002958,2,5533
RAMP_P_000002959,6,5529
RAMP_P_000002960,7,5528
RAMP_P_000002961,4,5531
RAMP_P_000002962,4,5531
RAMP_P_000002963,25,5510
RAMP_P_000002964,6,5529
RAMP_P_000002965,15,5520
RAMP_P_000002966,6,5529
RAMP_P_000002967,0,5535
RAMP_P_000002968,7,5528
RAMP_P_000002969,4,5531
RAMP_P_000002970,1,5534
RAMP_P_000002971,2,5533
RAMP_P_000002972,9,5526
RAMP_P_000002973,2,5533
RAMP_P_000002974,0,5535
RAMP_P_000002975,0,5535
RAMP_P_000002976,0,5535
RAMP_P_000002977,3,5532
RAMP_P_000002978,5,5530
RAMP_P_000002979,5,5530
RAMP_P_000002980,46,5489
RAMP_P_000002981,4,5531
RAMP_P_000002982,9,5526
RAMP_P_000002983,1,5534
RAMP_P_000002984,11,5524
RAMP_P_000002985,19,5516
RAMP_P_000002986,0,5535
RAMP_P_000002987,2,5533
RAMP_P_000002988,31,5504
RAMP_P_000002989,7,5528
RAMP_P_000002990,19,5516
RAMP_P_000002991,4,5531
RAMP_P_000002992,6,5529
RAMP_P_000002993,27,5508
RAMP_P_000002994,3,5532
RAMP_P_000002995,1,5534
RAMP_P_000002996,0,5535
RAMP_P_000002997,5,5530
RAMP_P_000002998,7,5528
RAMP_P_000002999,23,5512
RAMP_P_000003000,0,5535
RAMP_P_000003001,5,5530
RAMP_P_000003002,1,5534
RAMP_P_000003003,3,5532
RAMP_P_000003004,0,5535
RAMP_P_000003005,1280,4255
RAMP_P_000003006,1,5534
RAMP_P_000003007,10,5525
RAMP_P_000003008,27,5508
RAMP_P_000003009,2,5533
RAMP_P_000003010,59,5476
RAMP_P_000003011,25,5510
RAMP_P_000003012,5,5530
RAMP_P_000003013,1,5534
RAMP_P_000003014,15,5520
RAMP_P_000003015,2,5533
RAMP_P_000003016,4,5531
RAMP_P_000003017,4,5531
RAMP_P_000003018,14,5521
RAMP_P_000003019,1,5534
RAMP_P_000003020,0,5535
RAMP_P_000003021,2,5533
RAMP_P_000003022,19,5516
RAMP_P_000003023,18,5517
RAMP_P_000003024,7,5528
RAMP_P_000003025,3,5532
RAMP_P_000003026,4,5531
RAMP_P_000003027,27,5508
RAMP_P_000003028,3,5532
RAMP_P_000003029,5,5530
RAMP_P_000003030,14,5521
RAMP_P_000003031,0,5535
RAMP_P_000003032,5,5530
RAMP_P_000003033,0,5535
RAMP_P_000003034,3,5532
RAMP_P_000003035,4,5531
RAMP_P_000003036,53,5482
RAMP_P_000003037,0,5535
RAMP_P_000003038,4,5531
RAMP_P_000003039,10,5525
RAMP_P_000003040,5,5530
RAMP_P_000003041,22,5513
RAMP_P_000003042,8,5527
RAMP_P_000003043,6,5529
RAMP_P_000003044,2,5533
RAMP_P_000003045,2,5533
RAMP_P_000003046,13,5522
RAMP_P_000003047,29,5506
RAMP_P_000003048,3,5532
RAMP_P_000003049,11,5524
RAMP_P_000003050,9,5526
RAMP_P_000003051,7,5528
RAMP_P_000003052,17,5518
RAMP_P_000003053,4,5531
RAMP_P_000003054,2,5533
RAMP_P_000003055,2,5533
RAMP_P_000003056,12,5523
RAMP_P_000003057,5,5530
RAMP_P_000003058,16,5519
RAMP_P_000003059,1,5534
RAMP_P_000003060,4,5531
RAMP_P_000003061,5,5530
RAMP_P_000003062,14,5521
RAMP_P_000003063,11,5524
RAMP_P_000003064,2,5533
RAMP_P_000003065,91,5444
RAMP_P_000003066,4,5531
RAMP_P_000003067,14,5521
RAMP_P_000003068,0,5535
RAMP_P_000003069,4,5531
RAMP_P_000003070,47,5488
RAMP_P_000003071,0,5535
RAMP_P_000003072,1,5534
RAMP_P_000003073,44,5491
RAMP_P_000003074,0,5535
RAMP_P_000003075,3,5532
RAMP_P_000003076,0,5535
RAMP_P_000003077,10,5525
RAMP_P_000003078,19,5516
RAMP_P_000003079,0,5535
RAMP_P_000003080,2,5533
RAMP_P_000003081,15,5520
RAMP_P_000003082,2,5533
RAMP_P_000003083,3,5532
RAMP_P_000003084,8,5527
RAMP_P_000003085,6,5529
RAMP_P_000003086,11,5524
RAMP_P_000003087,0,5535
RAMP_P_000003088,5,5530
RAMP_P_000003089,13,5522
RAMP_P_000003090,1,5534
RAMP_P_000003091,1,5534
RAMP_P_000003092,5,5530
RAMP_P_000003093,0,5535
RAMP_P_000003094,3,5532
RAMP_P_000003095,6,5529
RAMP_P_000003096,49,5486
RAMP_P_000003097,0,5535
RAMP_P_000003098,29,5506
RAMP_P_000003099,13,5522
RAMP_P_000003100,6,5529
RAMP_P_000003101,18,5517
RAMP_P_000003102,0,5535
RAMP_P_000003103,0,5535
RAMP_P_000003104,4,5531
RAMP_P_000003105,0,5535
RAMP_P_000003106,3,5532
RAMP_P_000003107,0,5535
RAMP_P_000003108,0,5535
RAMP_P_000003109,13,5522
RAMP_P_000003110,0,5535
RAMP_P_000003111,4,5531
RAMP_P_000003112,2,5533
RAMP_P_000003113,6,5529
RAMP_P_000003114,0,5535
RAMP_P_000003115,15,5520
RAMP_P_000003116,12,5523
RAMP_P_000003117,21,5514
RAMP_P_000003118,4,5531
RAMP_P_000003119,2,5533
RAMP_P_000003120,5,5530
RAMP_P_000003121,15,5520
RAMP_P_000003122,10,5525
RAMP_P_000003123,77,5458
RAMP_P_000003124,3,5532
RAMP_P_000003125,5,5530
RAMP_P_000003126,8,5527
RAMP_P_000003127,0,5535
RAMP_P_000003128,7,5528
RAMP_P_000003129,3,5532
RAMP_P_000003130,2,5533
RAMP_P_000003131,3,5532
RAMP_P_000003132,18,5517
RAMP_P_000003133,9,5526
RAMP_P_000003134,3,5532
RAMP_P_000003135,29,5506
RAMP_P_000003136,4,5531
RAMP_P_000003137,7,5528
RAMP_P_000003138,3,5532
RAMP_P_000003139,3,5532
RAMP_P_000003140,13,5522
RAMP_P_000003141,0,5535
RAMP_P_000003142,18,5517
RAMP_P_000003143,0,5535
RAMP_P_000003144,1,5534
RAMP_P_000003145,1,5534
RAMP_P_000003146,1,5534
RAMP_P_000003147,35,5500
RAMP_P_000003148,2,5533
RAMP_P_000003149,10,5525
RAMP_P_000003150,4,5531
RAMP_P_000003151,8,5527
RAMP_P_000003152,0,5535
RAMP_P_000003153,2,5533
RAMP_P_000003154,15,5520
RAMP_P_000003155,13,5522
RAMP_P_000003156,6,5529
RAMP_P_000003157,15,5520
RAMP_P_000003158,5,5530
RAMP_P_000003159,2,5533
RAMP_P_000003160,6,5529
RAMP_P_000003161,16,5519
RAMP_P_000003162,0,5535
RAMP_P_000003163,8,5527
RAMP_P_000003164,18,5517
RAMP_P_000003165,11,5524
RAMP_P_000003166,17,5518
RAMP_P_000003167,4,5531
RAMP_P_000003168,5,5530
RAMP_P_000003169,9,5526
RAMP_P_000003170,4,5531
RAMP_P_000003171,4,5531
RAMP_P_000003172,21,5514
RAMP_P_000003173,0,5535
RAMP_P_000003174,12,5523
RAMP_P_000003175,34,5501
RAMP_P_000003176,19,5516
RAMP_P_000003177,4,5531
RAMP_P_000003178,18,5517
RAMP_P_000003179,3,5532
RAMP_P_000003180,28,5507
RAMP_P_000003181,2,5533
RAMP_P_000003182,2,5533
RAMP_P_000003183,16,5519
RAMP_P_000003184,2,5533
RAMP_P_000003185,2,5533
RAMP_P_000003186,7,5528
RAMP_P_000003187,16,5519
RAMP_P_000003188,18,5517
RAMP_P_000003189,5,5530
RAMP_P_000003190,5,5530
RAMP_P_000003191,2,5533
RAMP_P_000003192,2,5533
RAMP_P_000003193,2,5533
RAMP_P_000003194,0,5535
RAMP_P_000003195,0,5535
RAMP_P_000003196,4,5531
RAMP_P_000003197,3,5532
RAMP_P_000003198,1,5534
RAMP_P_000003199,9,5526
RAMP_P_000003200,24,5511
RAMP_P_000003201,37,5498
RAMP_P_000003202,2,5533
RAMP_P_000003203,18,5517
RAMP_P_000003204,6,5529
RAMP_P_000003205,8,5527
RAMP_P_000003206,35,5500
RAMP_P_000003207,12,5523
RAMP_P_000003208,4,5531
RAMP_P_000003209,1,5534
RAMP_P_000003210,14,5521
RAMP_P_000003211,2,5533
RAMP_P_000003212,52,5483
RAMP_P_000003213,51,5484
RAMP_P_000003214,6,5529
RAMP_P_000003215,3,5532
RAMP_P_000003216,15,5520
RAMP_P_000003217,3,5532
RAMP_P_000003218,18,5517
RAMP_P_000003219,1,5534
RAMP_P_000003220,2,5533
RAMP_P_000003221,29,5506
RAMP_P_000003222,8,5527
RAMP_P_000003223,4,5531
RAMP_P_000003224,15,5520
RAMP_P_000003225,15,5520
RAMP_P_000003226,8,5527
RAMP_P_000003227,3,5532
RAMP_P_000003228,65,5470
RAMP_P_000003229,3,5532
RAMP_P_000003230,2,5533
RAMP_P_000003231,1,5534
RAMP_P_000003232,2,5533
RAMP_P_000003233,10,5525
RAMP_P_000003234,34,5501
RAMP_P_000003235,0,5535
RAMP_P_000003236,47,5488
RAMP_P_000003237,5,5530
RAMP_P_000003238,7,5528
RAMP_P_000003239,24,5511
RAMP_P_000003240,3,5532
RAMP_P_000003241,47,5488
RAMP_P_000003242,54,5481
RAMP_P_000003243,12,5523
RAMP_P_000003244,45,5490
RAMP_P_000003245,2,5533
RAMP_P_000003246,9,5526
RAMP_P_000003247,50,5485
RAMP_P_000003248,31,5504
RAMP_P_000003249,6,5529
RAMP_P_000003250,2,5533
RAMP_P_000003251,15,5520
RAMP_P_000003252,0,5535
RAMP_P_000003253,0,5535
RAMP_P_000003254,29,5506
RAMP_P_000003255,39,5496
RAMP_P_000003256,21,5514
RAMP_P_000003257,1,5534
RAMP_P_000003258,10,5525
RAMP_P_000003259,0,5535
RAMP_P_000003260,1,5534
RAMP_P_000003261,7,5528
RAMP_P_000003262,0,5535
RAMP_P_000003263,0,5535
RAMP_P_000003264,0,5535
RAMP_P_000003265,13,5522
RAMP_P_000003266,2,5533
RAMP_P_000003267,4,5531
RAMP_P_000003268,20,5515
RAMP_P_000003269,21,5514
RAMP_P_000003270,10,5525
RAMP_P_000003271,5,5530
RAMP_P_000003272,0,5535
RAMP_P_000003273,4,5531
RAMP_P_000003274,28,5507
RAMP_P_000003275,3,5532
RAMP_P_000003276,3,5532
RAMP_P_000003277,26,5509
RAMP_P_000003278,1,5534
RAMP_P_000003279,5,5530
RAMP_P_000003280,7,5528
RAMP_P_000003281,13,5522
RAMP_P_000003282,0,5535
RAMP_P_000003283,4,5531
RAMP_P_000003284,0,5535
RAMP_P_000003285,0,5535
RAMP_P_000003286,47,5488
RAMP_P_000003287,6,5529
RAMP_P_000003288,47,5488
RAMP_P_000003289,35,5500
RAMP_P_000003290,7,5528
RAMP_P_000003291,7,5528
RAMP_P_000003292,1,5534
RAMP_P_000003293,13,5522
RAMP_P_000003294,5,5530
RAMP_P_000003295,42,5493
RAMP_P_000003296,2,5533
RAMP_P_000003297,36,5499
RAMP_P_000003298,40,5495
RAMP_P_000003299,15,5520
RAMP_P_000003300,0,5535
RAMP_P_000003301,66,5469
RAMP_P_000003303,0,5535
RAMP_P_000003304,0,5535
RAMP_P_000003305,10,5525
RAMP_P_000003306,130,5405
RAMP_P_000003307,4,5531
RAMP_P_000003308,1,5534
RAMP_P_000003309,31,5504
RAMP_P_000003310,6,5529
RAMP_P_000003311,61,5474
RAMP_P_000003312,54,5481
RAMP_P_000003313,0,5535
RAMP_P_000003314,3,5532
RAMP_P_000003315,78,5457
RAMP_P_000003316,42,5493
RAMP_P_000003317,55,5480
RAMP_P_000003318,4,5531
RAMP_P_000003319,8,5527
RAMP_P_000003320,6,5529
RAMP_P_000003321,0,5535
RAMP_P_000003322,139,5396
RAMP_P_000003323,38,5497
RAMP_P_000003324,121,5414
RAMP_P_000003325,4,5531
RAMP_P_000003326,5,5530
RAMP_P_000003327,6,5529
RAMP_P_000003328,25,5510
RAMP_P_000003329,5,5530
RAMP_P_000003330,0,5535
RAMP_P_000003331,0,5535
RAMP_P_000003332,24,5511
RAMP_P_000003333,98,5437
RAMP_P_000003334,0,5535
RAMP_P_000003335,0,5535
RAMP_P_000003336,4,5531
RAMP_P_000003337,28,5507
RAMP_P_000003338,10,5525
RAMP_P_000003339,19,5516
RAMP_P_000003340,11,5524
RAMP_P_000003341,0,5535
RAMP_P_000003342,90,5445
RAMP_P_000003343,3,5532
RAMP_P_000003344,0,5535
RAMP_P_000003345,106,5429
RAMP_P_000003346,0,5535
RAMP_P_000003347,39,5496
RAMP_P_000003348,5,5530
RAMP_P_000003349,8,5527
RAMP_P_000003350,29,5506
RAMP_P_000003351,4,5531
RAMP_P_000003352,50,5485
RAMP_P_000003353,9,5526
RAMP_P_000003354,4,5531
RAMP_P_000003355,4,5531
RAMP_P_000003356,134,5401
RAMP_P_000003357,22,5513
RAMP_P_000003358,16,5519
RAMP_P_000003359,46,5489
RAMP_P_000003360,52,5483
RAMP_P_000003361,11,5524
RAMP_P_000003362,6,5529
RAMP_P_000003363,52,5483
RAMP_P_000003364,0,5535
RAMP_P_000003365,13,5522
RAMP_P_000003366,6,5529
RAMP_P_000003367,8,5527
RAMP_P_000003368,2,5533
RAMP_P_000003369,0,5535
RAMP_P_000003370,15,5520
RAMP_P_000003371,12,5523
RAMP_P_000003372,11,5524
RAMP_P_000003373,3,5532
RAMP_P_000003374,4,5531
RAMP_P_000003375,3,5532
RAMP_P_000003376,9,5526
RAMP_P_000003377,9,5526
RAMP_P_000003378,6,5529
RAMP_P_000003379,92,5443
RAMP_P_000003380,0,5535
RAMP_P_000003381,1,5534
RAMP_P_000003382,7,5528
RAMP_P_000003383,127,5408
RAMP_P_000003384,28,5507
RAMP_P_000003385,0,5535
RAMP_P_000003386,0,5535
RAMP_P_000003387,8,5527
RAMP_P_000003388,32,5503
RAMP_P_000003389,50,5485
RAMP_P_000003390,17,5518
RAMP_P_000003391,12,5523
RAMP_P_000003392,0,5535
RAMP_P_000003393,11,5524
RAMP_P_000003394,0,5535
RAMP_P_000003395,0,5535
RAMP_P_000003396,8,5527
RAMP_P_000003397,5,5530
RAMP_P_000003398,0,5535
RAMP_P_000003399,1,5534
RAMP_P_000003400,14,5521
RAMP_P_000003401,81,5454
RAMP_P_000003402,62,5473
RAMP_P_000003403,99,5436
RAMP_P_000003404,4,5531
RAMP_P_000003405,3,5532
RAMP_P_000003406,1,5534
RAMP_P_000003407,1,5534
RAMP_P_000003408,2,5533
RAMP_P_000003409,55,5480
RAMP_P_000003410,6,5529
RAMP_P_000003411,14,5521
RAMP_P_000003412,99,5436
RAMP_P_000003413,20,5515
RAMP_P_000003414,12,5523
RAMP_P_000003415,72,5463
RAMP_P_000003416,11,5524
RAMP_P_000003417,2,5533
RAMP_P_000003418,5,5530
RAMP_P_000003419,15,5520
RAMP_P_000003420,4,5531
RAMP_P_000003421,35,5500
RAMP_P_000003422,16,5519
RAMP_P_000003423,27,5508
RAMP_P_000003424,3,5532
RAMP_P_000003425,32,5503
RAMP_P_000003426,52,5483
RAMP_P_000003427,5,5530
RAMP_P_000003428,9,5526
RAMP_P_000003429,4,5531
RAMP_P_000003430,8,5527
RAMP_P_000003431,2,5533
RAMP_P_000003432,11,5524
RAMP_P_000003433,5,5530
RAMP_P_000003434,28,5507
RAMP_P_000003435,0,5535
RAMP_P_000003436,77,5458
RAMP_P_000003437,75,5460
RAMP_P_000003438,2,5533
RAMP_P_000003439,3,5532
RAMP_P_000003440,7,5528
RAMP_P_000003441,0,5535
RAMP_P_000003442,108,5427
RAMP_P_000003443,0,5535
RAMP_P_000003444,4,5531
RAMP_P_000003445,50,5485
RAMP_P_000003446,0,5535
RAMP_P_000003447,5,5530
RAMP_P_000003448,10,5525
RAMP_P_000003449,0,5535
RAMP_P_000003450,0,5535
RAMP_P_000003451,17,5518
RAMP_P_000003452,17,5518
RAMP_P_000003453,0,5535
RAMP_P_000003454,0,5535
RAMP_P_000003455,35,5500
RAMP_P_000003456,4,5531
RAMP_P_000003457,4,5531
RAMP_P_000003458,11,5524
RAMP_P_000003459,25,5510
RAMP_P_000003460,12,5523
RAMP_P_000003461,0,5535
RAMP_P_000003462,3,5532
RAMP_P_000003463,42,5493
RAMP_P_000003464,32,5503
RAMP_P_000003465,4,5531
RAMP_P_000003466,0,5535
RAMP_P_000003467,19,5516
RAMP_P_000003468,9,5526
RAMP_P_000003469,0,5535
RAMP_P_000003470,1684,3851
RAMP_P_000003471,14,5521
RAMP_P_000003472,0,5535
RAMP_P_000003473,8,5527
RAMP_P_000003474,2,5533
RAMP_P_000003475,0,5535
RAMP_P_000003476,2,5533
RAMP_P_000003477,42,5493
RAMP_P_000003478,1,5534
RAMP_P_000003479,0,5535
RAMP_P_000003480,8,5527
RAMP_P_000003481,2,5533
RAMP_P_000003482,13,5522
RAMP_P_000003483,0,5535
RAMP_P_000003484,5,5530
RAMP_P_000003485,2,5533
RAMP_P_000003486,0,5535
RAMP_P_000003487,23,5512
RAMP_P_000003488,8,5527
RAMP_P_000003489,3,5532
RAMP_P_000003490,3,5532
RAMP_P_000003491,4,5531
RAMP_P_000003492,21,5514
RAMP_P_000003493,1,5534
RAMP_P_000003494,11,5524
RAMP_P_000003495,37,5498
RAMP_P_000003496,9,5526
RAMP_P_000003497,4,5531
RAMP_P_000003498,81,5454
RAMP_P_000003499,6,5529
RAMP_P_000003500,112,5423
RAMP_P_000003501,11,5524
RAMP_P_000003502,87,5448
RAMP_P_000003503,10,5525
RAMP_P_000003504,10,5525
RAMP_P_000003505,0,5535
RAMP_P_000003506,0,5535
RAMP_P_000003507,0,5535
RAMP_P_000003508,9,5526
RAMP_P_000003509,3,5532
RAMP_P_000003510,3,5532
RAMP_P_000003511,3,5532
RAMP_P_000003512,3,5532
RAMP_P_000003513,3,5532
RAMP_P_000003514,5,5530
RAMP_P_000003515,47,5488
RAMP_P_000003516,8,5527
RAMP_P_000003517,1,5534
RAMP_P_000003518,0,5535
RAMP_P_000003519,37,5498
RAMP_P_000003520,4,5531
RAMP_P_000003521,20,5515
RAMP_P_000003522,57,5478
RAMP_P_000003523,9,5526
RAMP_P_000003524,3,5532
RAMP_P_000003525,26,5509
RAMP_P_000003526,9,5526
RAMP_P_000003527,4,5531
RAMP_P_000003528,40,5495
RAMP_P_000003529,7,5528
RAMP_P_000003530,17,5518
RAMP_P_000003531,0,5535
RAMP_P_000003532,22,5513
RAMP_P_000003533,24,5511
RAMP_P_000003534,48,5487
RAMP_P_000003535,29,5506
RAMP_P_000003536,35,5500
RAMP_P_000003537,6,5529
RAMP_P_000003538,2,5533
RAMP_P_000003539,1,5534
RAMP_P_000003540,23,5512
RAMP_P_000003541,1,5534
RAMP_P_000003542,0,5535
RAMP_P_000003543,31,5504
RAMP_P_000003544,47,5488
RAMP_P_000003545,27,5508
RAMP_P_000003546,10,5525
RAMP_P_000003547,11,5524
RAMP_P_000003548,0,5535
RAMP_P_000003549,0,5535
RAMP_P_000003550,0,5535
RAMP_P_000003551,3,5532
RAMP_P_000003552,28,5507
RAMP_P_000003553,57,5478
RAMP_P_000003554,0,5535
RAMP_P_000003555,5,5530
RAMP_P_000003556,126,5409
RAMP_P_000003557,1,5534
RAMP_P_000003558,0,5535
RAMP_P_000003559,15,5520
